campaign_id,date,impressions,clicks,conversions,spend,revenue_generated
1,2022-06-18,713286,8572,219,4044.79,23379.0
1,2022-06-19,558096,18272,1677,3375.27,141992.8
1,2022-06-20,586639,10125,696,3534.5,66149.54
1,2022-06-21,381556,4819,471,4530.06,60730.34
1,2022-06-22,313511,8123,780,4663.17,63791.11
1,2022-06-23,539255,19400,1857,3482.62,119166.01
1,2022-06-24,572538,9669,914,3529.64,77950.22
1,2022-06-25,589269,19892,1768,4109.07,183933.43
1,2022-06-26,553392,7209,604,3428.39,40696.06
1,2022-06-27,635805,21674,1071,4695.92,56225.93
1,2022-06-28,777748,15117,608,3913.53,38761.54
1,2022-06-29,550489,9968,875,3758.79,51207.81
2,2021-08-16,107632,2539,167,1105.68,11790.39
2,2021-08-17,57086,2154,198,793.62,10911.86
2,2021-08-18,47221,838,71,795.44,6319.28
2,2021-08-19,170576,5748,572,1094.47,80125.7
2,2021-08-20,49588,1368,94,767.72,7050.0
2,2021-08-21,110233,1751,54,912.77,6834.37
2,2021-08-22,126632,5073,125,835.22,7261.58
2,2021-08-23,148938,4704,313,955.03,34280.44
2,2021-08-24,108085,2947,275,1082.52,21488.76
2,2021-08-25,105138,1290,93,889.24,11875.78
2,2021-08-26,83778,2550,182,822.43,12603.38
2,2021-08-27,139955,5187,280,999.23,24424.17
2,2021-08-28,79045,2003,150,753.1,14714.16
2,2021-08-29,142335,4134,366,1035.0,37589.94
2,2021-08-30,75537,1174,104,758.66,8382.28
2,2021-08-31,168404,4245,237,892.6,17881.34
2,2021-09-01,166735,7588,266,849.69,28592.6
2,2021-09-02,133239,3217,304,1081.63,35011.55
2,2021-09-03,51110,2049,48,908.53,4341.84
2,2021-09-04,126254,1608,40,920.36,2672.6
2,2021-09-05,93493,4425,339,748.63,35731.45
2,2021-09-06,71539,2716,252,1102.4,27392.11
2,2021-09-07,46677,571,34,767.82,1751.97
2,2021-09-08,113964,5570,142,926.4,15381.25
3,2021-01-13,311001,14049,407,1847.91,60330.21
3,2021-01-14,353431,9241,311,1889.95,25595.14
3,2021-01-15,139229,5913,318,1613.63,37110.33
3,2021-01-16,373639,8290,634,1891.04,45978.39
3,2021-01-17,311309,12287,1100,1783.73,146547.68
3,2021-01-18,242001,3320,304,1775.41,21216.49
3,2021-01-19,351274,7753,482,2022.01,46044.57
3,2021-01-20,235647,6553,259,1770.64,38366.89
3,2021-01-21,209220,7505,506,1760.99,28214.46
3,2021-01-22,288085,10439,397,1930.14,40579.73
3,2021-01-23,186785,2120,124,1866.35,16396.54
3,2021-01-24,248232,2982,267,2093.53,29058.66
3,2021-01-25,353256,4990,359,2041.12,32333.89
3,2021-01-26,350588,4631,324,1803.99,47264.82
3,2021-01-27,146432,4807,385,1897.27,40377.53
3,2021-01-28,346450,11408,512,1882.96,38405.27
3,2021-01-29,220501,9453,792,1435.64,71905.55
3,2021-01-30,246902,8210,384,1470.3,54972.05
3,2021-01-31,187700,5246,323,1812.3,23053.5
3,2021-02-01,164059,8163,314,1598.91,17929.32
3,2021-02-02,289111,9000,502,2083.54,36926.82
3,2021-02-03,365848,18177,1014,1889.03,107759.88
3,2021-02-04,193509,2515,184,1967.37,25611.86
3,2021-02-05,157363,2933,146,1431.01,8798.81
3,2021-02-06,285712,9977,581,1781.98,83132.19
3,2021-02-07,86188,1609,35,1578.12,5184.72
4,2022-03-09,27950,1280,81,144.1,7221.67
4,2022-03-10,9970,204,9,139.0,505.5
4,2022-03-11,21853,1052,31,157.75,1586.65
4,2022-03-12,11412,414,34,170.1,3835.19
4,2022-03-13,28948,408,32,166.91,3000.49
4,2022-03-14,15054,334,11,151.36,710.57
4,2022-03-15,11014,151,5,132.52,415.63
4,2022-03-16,17596,337,28,124.85,2685.4
4,2022-03-17,21515,337,7,147.52,560.62
4,2022-03-18,28979,320,26,178.47,2974.24
4,2022-03-19,22640,823,50,182.39,6881.45
4,2022-03-20,27390,1263,67,168.27,9551.59
4,2022-03-21,25277,981,77,161.6,9159.08
4,2022-03-22,14051,168,7,154.06,834.02
4,2022-03-23,21473,891,88,159.77,9008.33
4,2022-03-24,19866,985,70,133.98,10238.68
4,2022-03-25,15606,616,51,124.15,5717.64
4,2022-03-26,15939,476,16,169.35,1326.85
4,2022-03-27,20357,915,56,179.12,6352.6
4,2022-03-28,16326,199,4,157.35,506.25
4,2022-03-29,13728,623,22,128.19,2553.08
4,2022-03-30,24304,1151,94,133.74,12840.47
4,2022-03-31,10878,116,4,138.98,496.67
4,2022-04-01,19938,488,28,139.73,4173.63
4,2022-04-02,13377,453,43,160.61,4147.02
4,2022-04-03,28459,748,50,151.2,7395.89
4,2022-04-04,9435,337,9,175.72,951.38
4,2022-04-05,21782,1086,94,137.72,7587.83
4,2022-04-06,11616,383,11,128.12,1396.01
4,2022-04-07,21569,442,29,148.21,1989.17
4,2022-04-08,32177,951,81,169.94,11042.76
4,2022-04-09,21967,993,79,166.27,9852.53
4,2022-04-10,19026,318,29,165.79,2898.62
5,2021-10-08,149445,4776,433,869.28,59414.62
5,2021-10-09,44865,588,43,761.59,3798.99
5,2021-10-10,139357,5909,221,1021.75,15901.18
5,2021-10-11,83201,2454,209,1081.32,25817.86
5,2021-10-12,172225,3489,321,883.95,22312.48
5,2021-10-13,89458,2723,56,932.64,3247.77
5,2021-10-14,51154,2032,88,963.33,12941.96
5,2021-10-15,144176,6640,589,809.22,43677.04
5,2021-10-16,179376,5412,182,920.95,13454.12
5,2021-10-17,88918,3714,123,1085.82,7171.15
5,2021-10-18,140917,3088,116,729.94,14540.84
5,2021-10-19,209126,6651,466,1052.28,41797.9
5,2021-10-20,153984,3328,282,1019.52,26132.57
5,2021-10-21,83919,3074,264,869.48,23589.33
5,2021-10-22,46948,874,55,738.65,5055.53
5,2021-10-23,134752,6052,126,968.91,8839.83
5,2021-10-24,156454,2554,123,884.21,10704.17
5,2021-10-25,104782,1534,59,725.22,3291.0
5,2021-10-26,58698,1900,169,742.21,15862.71
5,2021-10-27,54870,1358,55,737.09,4900.76
5,2021-10-28,105488,1955,83,745.97,7232.72
5,2021-10-29,60480,1194,111,791.57,13218.97
5,2021-10-30,108422,2141,169,1044.43,23681.53
5,2021-10-31,191456,8000,544,981.17,62325.61
5,2021-11-01,154290,4407,96,919.86,12816.99
5,2021-11-02,139405,2411,175,862.01,9040.89
5,2021-11-03,132513,5053,293,915.53,23537.62
5,2021-11-04,103744,3766,173,927.87,12125.23
5,2021-11-05,48201,622,29,922.83,1486.07
5,2021-11-06,105770,1756,119,859.8,12041.32
5,2021-11-07,164885,5640,462,1041.63,53063.83
5,2021-11-08,113663,3598,121,856.58,17180.47
5,2021-11-09,107149,3754,95,726.66,9565.64
5,2021-11-10,106058,2510,174,820.32,13770.78
5,2021-11-11,120018,1333,98,979.51,10477.2
5,2021-11-12,158855,6671,438,820.51,35136.44
5,2021-11-13,76455,3045,84,1023.27,7328.26
5,2021-11-14,150694,2852,65,899.0,8749.3
5,2021-11-15,76137,2651,96,1048.4,5644.89
5,2021-11-16,179069,8120,473,897.4,63004.04
5,2021-11-17,157632,4276,358,1053.58,27320.86
5,2021-11-18,170296,1836,42,991.8,3622.69
5,2021-11-19,189617,8107,251,1059.63,21983.46
5,2021-11-20,167044,6546,467,1016.81,30105.23
5,2021-11-21,108152,3622,336,878.48,41383.31
5,2021-11-22,94695,2924,179,817.37,10211.42
5,2021-11-23,55592,1004,49,1012.22,3675.58
5,2021-11-24,88529,3139,127,1065.03,9527.97
5,2021-11-25,46334,1135,60,736.66,6955.55
5,2021-11-26,79606,1339,105,843.44,7659.2
5,2021-11-27,119807,5410,285,991.11,37564.39
5,2021-11-28,99521,1131,100,870.27,13635.84
6,2021-12-09,508655,20903,1181,3041.93,130669.37
6,2021-12-10,204745,7370,498,3476.84,25082.15
6,2021-12-11,615880,25404,1640,3443.34,123173.93
6,2021-12-12,270375,4709,95,2674.91,4863.7
6,2021-12-13,334442,12455,570,2685.33,50391.04
6,2021-12-14,223393,7050,469,3250.41,44003.38
6,2021-12-15,174848,2651,172,3137.32,14825.54
6,2021-12-16,188499,9150,239,3100.68,16300.29
6,2021-12-17,174412,7680,296,3153.64,16080.8
6,2021-12-18,292869,3559,212,3517.4,23390.64
6,2021-12-19,232879,3719,160,2893.27,15880.68
6,2021-12-20,547546,24564,984,3533.23,87227.85
6,2021-12-21,221557,5240,314,3595.64,24891.36
7,2021-05-01,30362,619,47,486.32,6090.61
7,2021-05-02,114723,4502,399,639.25,57711.99
7,2021-05-03,72947,3032,73,480.83,6858.1
7,2021-05-04,92067,3558,237,487.87,33977.92
7,2021-05-05,26539,1145,60,521.66,4592.62
7,2021-05-06,98543,1399,95,696.21,5703.5
7,2021-05-07,100736,3453,331,687.18,37191.19
7,2021-05-08,96715,1537,67,553.06,5384.07
7,2021-05-09,97913,4009,101,671.66,12051.43
7,2021-05-10,48763,1098,44,624.18,6072.05
7,2021-05-11,53732,2615,176,478.59,10843.82
7,2021-05-12,71016,2177,83,554.56,11259.02
7,2021-05-13,41870,1757,117,647.28,14423.36
7,2021-05-14,35142,890,64,500.14,9291.55
7,2021-05-15,59832,2879,160,520.21,14337.61
7,2021-05-16,103784,3060,274,698.77,21032.35
7,2021-05-17,63335,850,83,510.1,9470.97
7,2021-05-18,52558,1379,51,589.12,6434.01
7,2021-05-19,73250,1195,32,533.11,3080.15
7,2021-05-20,84584,3507,87,624.32,4552.62
7,2021-05-21,39288,1938,167,645.43,18715.28
7,2021-05-22,119794,4344,197,692.23,21458.56
7,2021-05-23,55348,1700,149,597.65,21850.58
7,2021-05-24,109979,3373,249,571.56,19217.82
7,2021-05-25,133488,4901,444,687.64,54744.95
7,2021-05-26,50274,1955,167,508.09,16355.47
7,2021-05-27,70935,2782,269,692.12,31944.49
7,2021-05-28,122448,1779,172,617.74,19061.42
7,2021-05-29,37283,1750,111,650.69,12158.85
7,2021-05-30,63203,3032,273,541.65,29401.6
7,2021-05-31,89395,4211,130,503.6,14355.5
7,2021-06-01,39987,1335,114,697.23,15324.02
7,2021-06-02,69509,2967,134,558.31,7111.1
7,2021-06-03,61650,1427,32,614.11,3461.65
7,2021-06-04,107727,4786,102,558.24,13433.89
7,2021-06-05,84471,2719,184,555.16,14275.58
7,2021-06-06,40455,1631,42,513.08,4497.18
8,2022-07-22,156099,4667,236,881.88,12435.28
8,2022-07-23,109204,5259,416,779.26,33151.4
8,2022-07-24,165569,5241,404,995.51,21794.93
8,2022-07-25,203931,2435,236,1037.98,30157.64
8,2022-07-26,185100,7840,415,1085.2,41206.38
8,2022-07-27,79922,1528,111,1030.55,16029.73
8,2022-07-28,188352,5566,169,949.93,9556.06
8,2022-07-29,104539,5163,472,777.6,31674.55
8,2022-07-30,88360,2024,62,866.69,6132.52
8,2022-07-31,187287,6912,420,960.95,59669.0
8,2022-08-01,119256,4982,281,1074.01,38804.94
8,2022-08-02,74909,1582,83,1127.03,9231.61
8,2022-08-03,109657,4660,183,981.51,16071.16
8,2022-08-04,99398,2910,100,1011.41,7873.62
8,2022-08-05,90295,2163,129,970.11,12197.54
8,2022-08-06,128423,3639,112,941.45,6873.99
8,2022-08-07,89874,3877,378,1072.23,32180.41
8,2022-08-08,41945,905,88,796.29,5211.62
8,2022-08-09,122571,3543,212,796.96,27026.33
8,2022-08-10,88434,1538,75,840.06,11191.15
8,2022-08-11,76913,3396,218,769.71,19337.43
8,2022-08-12,75783,816,58,846.79,3796.04
8,2022-08-13,117169,3927,288,827.27,40392.36
8,2022-08-14,100624,2670,213,792.16,19809.85
8,2022-08-15,147071,3798,115,795.71,13608.84
8,2022-08-16,142336,1682,151,996.47,19171.3
8,2022-08-17,74644,1529,39,874.94,5015.82
8,2022-08-18,121747,1774,134,764.33,15555.2
8,2022-08-19,142552,6187,217,892.36,26044.78
8,2022-08-20,148662,7243,388,912.16,56542.21
8,2022-08-21,107520,1781,135,935.72,17177.57
8,2022-08-22,152767,2875,194,912.04,18185.79
8,2022-08-23,97918,1026,66,805.28,9281.19
8,2022-08-24,75360,1835,79,990.82,5723.66
8,2022-08-25,147493,1817,152,1037.52,22155.09
8,2022-08-26,97785,2273,106,947.81,10846.33
8,2022-08-27,99589,1627,33,990.21,3530.04
8,2022-08-28,49604,1427,114,892.54,16278.57
8,2022-08-29,152087,2995,154,876.33,8425.43
8,2022-08-30,63332,2977,172,811.55,19848.79
8,2022-08-31,140876,5647,346,817.65,34740.61
8,2022-09-01,176017,1908,127,1054.2,11601.64
8,2022-09-02,57349,1005,53,1089.09,6436.13
8,2022-09-03,157726,5478,331,1117.95,44057.38
8,2022-09-04,97399,3890,211,834.82,18501.86
8,2022-09-05,180266,8929,282,1117.52,27298.73
9,2021-07-26,59282,1726,41,719.41,3735.26
9,2021-07-27,73815,873,35,518.12,2567.17
9,2021-07-28,85816,908,61,494.53,5914.01
9,2021-07-29,71933,3381,337,590.31,46796.68
9,2021-07-30,62968,1313,36,701.27,3778.34
9,2021-07-31,120950,4973,433,634.88,43534.84
9,2021-08-01,72622,3620,326,555.02,41387.57
9,2021-08-02,40870,1070,79,519.0,6857.61
9,2021-08-03,102727,3930,362,558.89,29811.06
9,2021-08-04,67709,3316,134,513.99,7196.83
9,2021-08-05,66077,2044,202,661.07,29185.65
9,2021-08-06,62275,1718,47,519.22,5797.48
9,2021-08-07,92140,3778,108,619.09,9730.17
9,2021-08-08,102306,3044,195,706.89,25203.31
9,2021-08-09,89844,1147,79,620.18,5148.94
9,2021-08-10,52816,1068,34,572.41,2330.04
9,2021-08-11,82633,1733,171,489.86,20188.23
9,2021-08-12,103499,3346,186,573.04,26799.39
9,2021-08-13,125170,2607,222,687.39,22807.87
9,2021-08-14,70081,2781,71,583.31,3931.79
9,2021-08-15,84502,3141,153,560.5,13274.65
9,2021-08-16,113909,1858,114,678.52,10102.62
9,2021-08-17,68932,3213,314,682.43,37007.71
9,2021-08-18,128190,4855,160,649.29,19225.52
10,2022-04-23,159502,7810,519,1366.29,72092.59
10,2022-04-24,119675,4784,404,1350.91,55252.6
10,2022-04-25,62636,738,57,1177.47,3641.3
10,2022-04-26,246491,3774,350,1358.77,49719.72
10,2022-04-27,186284,9195,653,1320.79,54572.8
10,2022-04-28,84679,1750,53,1159.16,7231.82
10,2022-04-29,157136,2906,69,1009.33,3826.53
10,2022-04-30,83685,2149,117,1119.77,6089.39
10,2022-05-01,143283,4162,83,991.8,8457.59
10,2022-05-02,75295,2974,208,1064.14,17537.53
10,2022-05-03,232412,5306,293,1212.46,43313.28
10,2022-05-04,260485,10633,495,1314.9,51002.97
10,2022-05-05,153128,1758,86,1154.54,8138.46
10,2022-05-06,145897,6714,540,1209.94,42502.22
10,2022-05-07,205524,2743,210,1111.82,30428.16
10,2022-05-08,87990,4129,208,972.84,12581.55
10,2022-05-09,95225,1412,121,1313.3,13884.63
10,2022-05-10,247648,5370,244,1328.68,33952.53
10,2022-05-11,132958,3383,156,1126.68,16225.36
10,2022-05-12,188620,5102,122,1420.71,14823.32
10,2022-05-13,120075,2456,199,1407.23,12461.55
10,2022-05-14,271342,7228,576,1434.22,56479.27
10,2022-05-15,164238,7101,195,1040.92,27937.14
10,2022-05-16,175017,4453,328,1274.24,48117.44
10,2022-05-17,140893,4038,353,1211.97,39465.35
11,2022-02-02,390554,6609,527,2177.66,78122.57
11,2022-02-03,204986,5791,415,2910.94,47373.48
11,2022-02-04,550429,21392,793,2871.88,53896.05
11,2022-02-05,246934,3241,178,2495.26,14632.47
11,2022-02-06,275846,3127,288,2571.83,38390.72
11,2022-02-07,287811,9356,542,2117.02,30899.34
11,2022-02-08,190583,5796,296,2511.43,40017.34
11,2022-02-09,342815,13398,790,2370.8,83562.75
11,2022-02-10,258991,4903,387,2727.02,34685.66
11,2022-02-11,295633,12295,351,2214.15,31251.93
11,2022-02-12,241975,10091,418,2175.13,45638.09
11,2022-02-13,422657,7060,248,2462.23,15721.21
11,2022-02-14,365192,9676,649,2809.95,47679.74
11,2022-02-15,273023,11206,426,2818.32,59731.46
12,2021-06-14,113753,4247,372,655.43,42946.66
12,2021-06-15,41885,959,62,775.78,4431.93
12,2021-06-16,83223,2702,261,775.24,25716.79
12,2021-06-17,142169,2861,83,878.74,7420.35
12,2021-06-18,74699,3194,291,655.91,25665.74
12,2021-06-19,48768,1963,133,644.49,12025.19
12,2021-06-20,95426,1662,156,803.88,12385.62
12,2021-06-21,91508,1854,97,781.68,14028.9
12,2021-06-22,100561,3470,132,716.56,9524.81
12,2021-06-23,73712,2427,87,695.1,7882.54
12,2021-06-24,56022,2252,51,729.97,2728.14
12,2021-06-25,155611,6782,399,867.58,58447.74
12,2021-06-26,146519,7177,453,740.95,35688.44
12,2021-06-27,57905,2817,108,874.27,7121.54
12,2021-06-28,145294,5331,279,747.39,25495.28
12,2021-06-29,52218,1539,79,758.01,4706.01
12,2021-06-30,49981,681,64,817.31,7862.29
12,2021-07-01,162017,2644,62,845.28,5913.55
12,2021-07-02,46338,781,65,802.91,7681.85
12,2021-07-03,51962,744,61,819.71,7576.25
12,2021-07-04,53348,2320,210,875.15,31469.51
12,2021-07-05,126562,1501,36,938.53,4902.86
12,2021-07-06,52224,1873,43,786.16,3654.24
12,2021-07-07,97564,1027,56,845.9,3120.73
12,2021-07-08,44319,1256,51,658.0,5501.99
12,2021-07-09,143781,6191,229,948.74,26663.87
12,2021-07-10,129033,6101,497,718.74,24869.23
12,2021-07-11,137530,3182,251,846.06,18526.63
12,2021-07-12,156032,4502,324,829.47,22555.05
12,2021-07-13,144441,5995,230,865.37,15150.73
12,2021-07-14,110758,2253,53,676.91,4095.51
12,2021-07-15,142511,5685,345,897.08,46998.52
13,2021-12-20,127768,5655,466,856.76,26145.51
13,2021-12-21,108454,3695,190,618.0,20997.58
13,2021-12-22,137781,2791,275,699.38,38580.42
13,2021-12-23,83325,2773,247,685.03,12730.52
13,2021-12-24,49947,2490,167,878.5,11596.64
13,2021-12-25,68234,1358,63,653.64,7766.1
13,2021-12-26,56517,1932,95,868.23,13172.92
13,2021-12-27,124735,6174,202,881.79,27230.66
13,2021-12-28,100187,1945,190,697.79,22277.14
13,2021-12-29,103065,4937,327,737.92,39943.12
13,2021-12-30,147985,2119,123,809.16,7482.82
13,2021-12-31,84056,3191,196,614.21,28903.94
13,2022-01-01,146851,1657,50,734.51,6836.77
13,2022-01-02,128139,1880,125,764.79,13874.26
13,2022-01-03,106854,4178,334,785.84,28533.66
13,2022-01-04,53466,1228,105,702.03,6395.48
13,2022-01-05,93036,2944,69,845.64,6567.85
13,2022-01-06,86854,932,66,784.54,7701.98
13,2022-01-07,42310,693,56,738.53,3524.14
13,2022-01-08,115755,3700,98,623.79,10158.97
13,2022-01-09,84818,2343,202,734.95,29995.81
13,2022-01-10,77475,2405,100,647.98,14866.42
13,2022-01-11,44294,2073,115,637.6,12643.06
13,2022-01-12,60452,2440,190,667.87,10669.06
14,2021-10-26,21100,285,19,332.7,1609.01
14,2021-10-27,20710,685,36,321.61,4844.97
14,2021-10-28,21743,619,56,329.32,7048.35
14,2021-10-29,46369,1341,98,335.93,13388.87
14,2021-10-30,23910,280,6,286.27,863.61
14,2021-10-31,54343,1472,119,322.59,6411.65
14,2021-11-01,38056,1542,152,354.88,12230.89
14,2021-11-02,14526,581,19,281.84,1976.17
14,2021-11-03,18415,397,38,287.83,5567.82
14,2021-11-04,47506,836,35,337.52,2653.13
14,2021-11-05,47650,1960,78,317.08,5749.26
14,2021-11-06,64859,2529,84,336.17,5830.92
14,2021-11-07,49121,2202,44,264.65,2598.74
14,2021-11-08,27320,674,61,307.76,7361.08
14,2021-11-09,50623,1981,46,295.4,6614.06
14,2021-11-10,47757,2317,140,363.96,13058.21
14,2021-11-11,32613,420,19,279.51,1815.84
14,2021-11-12,23239,951,53,255.29,5005.3
14,2021-11-13,33734,1182,62,251.28,4942.35
14,2021-11-14,52856,2378,210,303.96,22686.01
14,2021-11-15,40877,500,32,367.17,4466.37
14,2021-11-16,35218,1636,159,288.49,15259.8
14,2021-11-17,15220,750,35,256.26,3544.51
14,2021-11-18,19500,308,18,287.43,1685.42
14,2021-11-19,51913,1352,38,327.2,4435.19
15,2022-05-11,76196,2701,238,707.92,31552.41
15,2022-05-12,124930,2970,214,833.91,29051.88
15,2022-05-13,117664,2311,155,796.06,8120.16
15,2022-05-14,59837,697,45,661.49,3119.16
15,2022-05-15,98779,3281,97,774.36,5003.67
15,2022-05-16,108190,2860,93,657.79,12876.94
15,2022-05-17,78563,2954,130,633.87,9773.71
15,2022-05-18,115325,5150,212,653.73,12702.65
15,2022-05-19,49019,2258,143,783.68,20189.9
15,2022-05-20,84876,4199,158,737.89,18474.46
15,2022-05-21,103299,4528,393,645.63,21024.79
15,2022-05-22,134624,4594,198,731.46,20202.18
15,2022-05-23,78664,3670,79,837.66,5687.9
15,2022-05-24,143094,1749,157,834.45,16402.29
15,2022-05-25,118767,2396,80,768.37,11978.89
15,2022-05-26,151517,3741,292,787.17,25572.08
15,2022-05-27,132859,3541,215,832.87,27791.93
15,2022-05-28,125376,5909,186,838.66,23436.06
15,2022-05-29,40042,1243,72,732.72,8850.97
15,2022-05-30,141384,4259,424,829.6,61255.24
15,2022-05-31,80930,1319,41,663.85,3515.22
15,2022-06-01,65559,1073,105,714.25,6793.58
15,2022-06-02,43784,952,21,822.84,2584.75
15,2022-06-03,78754,2378,118,771.39,16112.98
15,2022-06-04,148118,7349,309,868.8,38641.11
15,2022-06-05,132167,3847,381,746.63,48324.79
15,2022-06-06,50837,1861,52,733.73,6569.4
15,2022-06-07,44029,464,30,694.12,1671.44
15,2022-06-08,168089,5680,369,870.71,27932.08
15,2022-06-09,48464,2196,187,849.36,10744.13
15,2022-06-10,90050,3286,223,801.97,22776.21
15,2022-06-11,51635,2486,158,617.26,10927.98
15,2022-06-12,103259,2964,222,741.47,25053.45
15,2022-06-13,88308,3060,214,687.86,22365.25
15,2022-06-14,118438,4313,179,634.88,22875.44
15,2022-06-15,102392,4745,293,631.26,38965.19
15,2022-06-16,125421,5137,403,859.16,52923.14
15,2022-06-17,125541,1885,137,706.54,7198.2
15,2022-06-18,42613,931,44,694.02,2414.71
15,2022-06-19,79403,1770,143,630.25,10288.39
15,2022-06-20,76030,3358,68,662.26,6248.89
15,2022-06-21,42710,1796,51,753.37,7480.36
15,2022-06-22,135738,4313,86,725.61,5906.59
15,2022-06-23,95132,3553,247,720.77,32269.05
15,2022-06-24,77877,2879,237,757.17,12211.85
15,2022-06-25,137831,1782,107,799.95,13277.06
15,2022-06-26,115641,4878,169,644.27,14465.79
15,2022-06-27,64920,2476,233,685.49,18994.87
15,2022-06-28,57435,2196,112,734.86,16007.37
15,2022-06-29,60680,702,15,729.25,1206.6
15,2022-06-30,42532,1155,27,689.42,2041.74
15,2022-07-01,104585,3585,209,604.27,26683.78
15,2022-07-02,85972,4059,307,596.12,40670.46
15,2022-07-03,61357,2507,239,662.09,16572.1
16,2021-11-14,243847,10690,229,1892.88,18282.15
16,2021-11-15,185354,6933,516,1613.82,46922.07
16,2021-11-16,296737,9047,639,1851.43,93631.07
16,2021-11-17,336350,13770,392,1738.13,44353.02
16,2021-11-18,271854,4057,404,1853.57,35137.85
16,2021-11-19,220715,6280,479,1668.62,55642.01
16,2021-11-20,264942,6063,345,1931.13,41647.17
16,2021-11-21,347669,5497,380,2005.77,23900.09
16,2021-11-22,208398,7602,560,1708.88,55984.12
16,2021-11-23,252450,11466,977,1470.23,141317.01
16,2021-11-24,253111,8332,648,1524.22,41469.44
16,2021-11-25,261698,12902,589,1658.29,31968.09
16,2021-11-26,298153,10080,513,1727.72,67755.17
16,2021-11-27,164304,7508,404,1874.97,42136.4
16,2021-11-28,202652,3685,98,1437.18,6619.98
16,2021-11-29,289103,7522,592,1545.56,85039.89
16,2021-11-30,124713,3071,276,1938.87,40044.56
16,2021-12-01,250601,4200,281,1476.44,18092.37
16,2021-12-02,161232,7623,312,2013.23,46706.13
16,2021-12-03,109558,3282,153,1418.34,21002.16
16,2021-12-04,122065,4122,344,1569.88,32258.16
16,2021-12-05,141370,4740,378,2003.79,30702.39
16,2021-12-06,157250,4859,465,1355.9,24417.11
16,2021-12-07,269309,3582,93,1941.09,8881.6
16,2021-12-08,257694,5684,236,1812.67,12304.3
16,2021-12-09,172593,3781,201,1484.66,10726.0
16,2021-12-10,146386,3433,210,1420.9,15133.03
17,2022-05-20,344935,5619,229,1752.81,26979.28
17,2022-05-21,283253,10242,423,2218.61,21172.12
17,2022-05-22,287029,7827,519,1682.63,73876.22
17,2022-05-23,190344,8249,649,1914.24,55458.5
17,2022-05-24,337843,15739,411,2280.97,45937.68
17,2022-05-25,195066,5914,175,1947.22,10517.42
17,2022-05-26,283027,4574,328,1612.39,26062.1
17,2022-05-27,201380,9848,431,1573.3,42456.71
17,2022-05-28,345821,5344,139,2115.46,18645.08
17,2022-05-29,412657,20597,1103,2329.65,160565.96
17,2022-05-30,266296,3796,131,1808.5,10247.98
17,2022-05-31,299918,4341,234,2240.41,17520.87
17,2022-06-01,324843,6040,329,1987.38,40326.19
17,2022-06-02,119128,3702,360,2312.91,40754.44
17,2022-06-03,130759,6340,342,2251.4,31428.9
17,2022-06-04,179841,3493,142,1802.25,15662.45
17,2022-06-05,371453,17122,1242,2055.94,183345.15
17,2022-06-06,196634,4545,260,2092.56,19444.62
17,2022-06-07,345629,7517,681,1766.93,37197.08
17,2022-06-08,341680,10993,864,1876.4,91001.05
17,2022-06-09,184811,7410,572,1655.05,59371.43
18,2021-11-14,152400,5193,465,1191.24,49551.17
18,2021-11-15,205264,10183,638,1098.6,89316.22
18,2021-11-16,115731,2872,171,945.24,8831.88
18,2021-11-17,152038,6799,508,1192.7,30646.34
18,2021-11-18,192008,7542,329,1163.27,42947.86
18,2021-11-19,74909,1124,75,921.14,3953.16
18,2021-11-20,67723,2065,62,1085.64,4103.15
18,2021-11-21,178546,4718,432,907.73,63388.23
18,2021-11-22,87314,2988,239,889.51,29040.27
18,2021-11-23,210146,4948,476,1061.46,48048.58
18,2021-11-24,96169,4223,366,940.0,29150.74
18,2021-11-25,105858,2794,115,1173.38,16083.41
18,2021-11-26,178480,3710,196,1042.68,20657.81
18,2021-11-27,128201,4864,175,1255.31,26227.63
18,2021-11-28,69702,948,56,1248.35,6954.27
18,2021-11-29,140068,3604,283,1263.96,18563.03
18,2021-11-30,131885,1827,65,1106.49,5580.76
18,2021-12-01,171720,6968,247,1149.99,13240.79
18,2021-12-02,58191,1632,107,903.45,14201.91
18,2021-12-03,108296,5164,468,891.02,30106.63
18,2021-12-04,113830,4297,114,921.04,14960.08
18,2021-12-05,84720,2213,96,1132.59,8505.41
18,2021-12-06,74061,1289,77,1120.01,11054.55
18,2021-12-07,56620,1812,122,865.06,13919.82
18,2021-12-08,187946,6561,350,986.63,52428.23
18,2021-12-09,109919,1765,38,1185.07,2975.49
18,2021-12-10,53347,879,87,910.1,8063.49
18,2021-12-11,87963,3207,196,960.44,25096.12
18,2021-12-12,129809,5573,144,934.85,18898.6
18,2021-12-13,142607,4739,365,1261.97,24410.22
18,2021-12-14,134614,6092,353,977.62,36142.21
18,2021-12-15,186704,6440,312,1124.33,25912.57
18,2021-12-16,61195,2917,93,950.91,6313.38
18,2021-12-17,188088,4947,448,1233.19,34293.85
18,2021-12-18,165243,5907,529,1196.87,36887.77
18,2021-12-19,135541,2944,204,946.58,15907.22
18,2021-12-20,158930,6744,162,1269.98,23236.04
18,2021-12-21,217373,6746,550,1274.6,68536.5
18,2021-12-22,96333,2078,125,915.85,9596.8
18,2021-12-23,223239,6641,293,1136.92,36312.57
18,2021-12-24,115997,2431,83,914.65,7691.26
19,2022-03-25,19781,433,22,199.79,2329.14
19,2022-03-26,22635,389,26,213.87,1515.68
19,2022-03-27,15128,607,31,201.97,3596.62
19,2022-03-28,26823,498,17,171.71,1344.59
19,2022-03-29,25794,708,50,192.0,6805.47
19,2022-03-30,28998,712,49,203.1,7274.5
19,2022-03-31,13066,621,16,159.27,2049.52
19,2022-04-01,34615,666,42,218.77,5838.03
19,2022-04-02,24559,888,51,154.58,4090.16
19,2022-04-03,19658,828,61,151.93,3509.86
19,2022-04-04,35853,806,39,204.21,5600.49
19,2022-04-05,27333,1261,123,148.82,6963.62
19,2022-04-06,19563,234,6,165.53,876.97
19,2022-04-07,35059,614,60,192.01,6278.65
19,2022-04-08,29274,365,12,165.24,1782.83
19,2022-04-09,11967,182,5,208.54,477.01
19,2022-04-10,19114,904,47,169.78,4070.24
19,2022-04-11,27524,1111,28,165.27,2150.7
19,2022-04-12,36382,1538,33,211.57,3937.38
19,2022-04-13,32249,702,59,194.56,5590.64
19,2022-04-14,26670,1297,122,183.81,9954.06
19,2022-04-15,32776,400,21,188.4,3036.24
19,2022-04-16,42283,2054,138,218.94,13274.42
19,2022-04-17,25729,802,32,166.19,1977.83
19,2022-04-18,39033,1117,39,212.15,2123.12
19,2022-04-19,20330,348,20,190.55,1681.27
19,2022-04-20,25786,452,17,207.51,1027.06
19,2022-04-21,20220,855,44,214.88,2529.9
19,2022-04-22,27907,869,48,150.42,4030.72
19,2022-04-23,16867,486,17,175.67,2149.28
19,2022-04-24,17018,769,18,202.41,2443.54
19,2022-04-25,23336,265,23,203.08,1418.7
19,2022-04-26,40474,1904,105,208.52,11362.01
19,2022-04-27,11362,540,31,147.37,3564.41
19,2022-04-28,21969,785,71,204.98,8935.65
19,2022-04-29,25397,1205,62,162.88,7324.24
19,2022-04-30,32301,1317,70,164.88,9897.99
19,2022-05-01,15382,314,18,208.7,2120.82
19,2022-05-02,25873,1147,48,153.57,3119.31
19,2022-05-03,14680,212,18,211.0,2531.78
19,2022-05-04,26569,437,26,170.55,3286.08
19,2022-05-05,16457,524,43,214.92,5105.41
19,2022-05-06,12134,268,9,205.2,984.02
19,2022-05-07,26162,642,63,171.86,5496.73
19,2022-05-08,38818,1851,68,215.07,6893.83
19,2022-05-09,38151,1590,40,218.68,4373.45
19,2022-05-10,40377,1262,48,209.22,7150.31
19,2022-05-11,28468,1372,92,148.72,6997.79
19,2022-05-12,11171,501,33,177.39,3026.14
19,2022-05-13,14168,348,31,155.08,3457.46
19,2022-05-14,34668,621,24,176.21,3244.58
19,2022-05-15,19332,266,24,167.31,2791.91
19,2022-05-16,17771,704,27,163.7,1858.18
19,2022-05-17,20756,964,33,181.77,3465.79
19,2022-05-18,27762,565,47,151.83,5114.04
19,2022-05-19,30656,591,12,200.08,1575.15
19,2022-05-20,14721,722,68,213.14,7807.03
19,2022-05-21,29994,941,26,167.72,2663.3
19,2022-05-22,11734,234,23,205.44,1751.66
19,2022-05-23,28531,352,29,217.52,4075.03
19,2022-05-24,10858,510,47,164.28,3901.95
20,2022-07-03,37454,1038,78,281.69,9410.83
20,2022-07-04,24788,624,39,287.92,3367.62
20,2022-07-05,38690,1433,32,239.4,4470.68
20,2022-07-06,27837,636,58,299.76,4275.56
20,2022-07-07,24715,1086,100,224.49,8567.82
20,2022-07-08,42442,676,23,308.54,3053.75
20,2022-07-09,54823,1238,75,303.58,8181.32
20,2022-07-10,55692,2772,102,283.77,5758.35
20,2022-07-11,40976,1888,38,210.15,3236.77
20,2022-07-12,22056,865,30,211.99,4332.87
20,2022-07-13,39454,1224,106,244.53,14932.91
20,2022-07-14,29933,314,15,287.11,2118.34
20,2022-07-15,49206,1800,103,304.62,10338.24
20,2022-07-16,15719,784,31,240.19,4636.36
20,2022-07-17,33857,944,74,227.3,6507.35
20,2022-07-18,27984,1112,23,286.69,2277.63
20,2022-07-19,40632,860,67,284.41,7712.0
20,2022-07-20,21936,564,20,245.13,2427.78
20,2022-07-21,41719,875,31,280.65,4211.35
20,2022-07-22,17954,717,39,258.76,5805.11
20,2022-07-23,24822,1121,71,250.11,9449.1
20,2022-07-24,49673,1025,41,299.64,2426.18
20,2022-07-25,47323,1657,118,251.0,8646.74
20,2022-07-26,50620,1194,42,256.95,5603.18
20,2022-07-27,48251,774,71,299.4,9580.18
20,2022-07-28,41455,451,22,311.02,1211.37
20,2022-07-29,14039,221,8,237.55,532.67
20,2022-07-30,32461,426,33,289.57,4018.3
20,2022-07-31,53031,2295,75,291.53,7550.98
20,2022-08-01,23876,728,36,216.96,4187.51
20,2022-08-02,39529,626,45,244.78,3111.31
20,2022-08-03,37418,1620,100,226.45,13933.69
20,2022-08-04,37654,1739,165,292.96,11603.82
20,2022-08-05,28897,556,21,245.61,1262.29
20,2022-08-06,32339,660,41,208.92,2423.02
20,2022-08-07,42702,1720,58,264.68,3315.65
20,2022-08-08,48676,1191,68,267.55,8778.02
20,2022-08-09,48746,1732,128,295.38,15297.88
20,2022-08-10,33262,958,56,290.23,7602.66
20,2022-08-11,43739,1291,70,303.21,9560.06
20,2022-08-12,39544,1578,117,296.7,9683.0
20,2022-08-13,39055,635,38,227.82,4597.45
20,2022-08-14,45852,1081,104,261.61,9500.68
20,2022-08-15,25016,1046,67,209.47,6340.29
20,2022-08-16,31341,630,48,218.12,6092.72
20,2022-08-17,44687,1969,153,281.55,16497.96
20,2022-08-18,47697,1135,49,278.78,3213.17
20,2022-08-19,27775,1240,97,246.62,5845.45
20,2022-08-20,41708,1397,29,305.05,3539.25
20,2022-08-21,28557,804,31,227.32,3650.96
20,2022-08-22,16156,617,29,224.6,3760.19
20,2022-08-23,30397,1128,100,228.89,9119.86
20,2022-08-24,46050,471,12,287.35,1247.63
20,2022-08-25,46467,1087,77,292.09,10483.32
20,2022-08-26,33125,1580,63,257.94,9249.84
20,2022-08-27,28710,1112,105,251.53,14745.24
20,2022-08-28,38121,848,63,257.68,6983.99
20,2022-08-29,20033,618,49,298.23,6164.16
20,2022-08-30,32158,623,34,229.64,2555.31
21,2022-06-26,102128,3263,135,759.54,12947.51
21,2022-06-27,49059,1287,64,746.13,7981.51
21,2022-06-28,174442,4205,330,1022.74,41049.57
21,2022-06-29,91990,3972,97,730.31,5538.08
21,2022-06-30,99432,4948,251,1030.11,20559.06
21,2022-07-01,122221,1299,83,890.91,9185.42
21,2022-07-02,151648,2270,105,961.97,13738.16
21,2022-07-03,72238,1176,73,817.23,9376.04
21,2022-07-04,110821,2591,235,960.45,19714.54
21,2022-07-05,80594,1946,186,749.28,14089.02
21,2022-07-06,58824,2118,137,703.56,7029.61
21,2022-07-07,109833,2646,78,727.19,4501.5
21,2022-07-08,82786,2820,87,956.73,4998.27
21,2022-07-09,43879,1867,139,697.1,8345.93
21,2022-07-10,52123,2422,178,987.24,9596.01
21,2022-07-11,179026,7468,518,1026.31,58791.43
21,2022-07-12,111261,4704,264,739.4,26913.14
21,2022-07-13,109739,1133,42,785.38,3053.14
21,2022-07-14,44959,679,59,767.98,4980.9
21,2022-07-15,78027,2225,144,907.66,14206.27
21,2022-07-16,42157,534,32,831.31,1691.32
21,2022-07-17,147906,3062,112,851.15,11694.07
21,2022-07-18,109056,2640,215,935.14,21382.42
21,2022-07-19,161912,6562,455,854.35,33062.03
21,2022-07-20,71593,732,34,930.34,4177.17
21,2022-07-21,158046,4107,120,891.92,15947.45
21,2022-07-22,46674,965,66,889.61,4248.23
21,2022-07-23,49871,2146,145,877.44,11963.81
21,2022-07-24,54599,2442,100,982.52,12346.71
21,2022-07-25,67201,2582,138,749.39,14345.46
21,2022-07-26,55432,2072,120,697.08,10460.77
21,2022-07-27,104838,1349,36,899.66,3959.72
21,2022-07-28,95678,3478,271,872.45,39169.87
21,2022-07-29,163515,6316,456,1036.89,25847.65
21,2022-07-30,106697,1625,111,954.4,13107.92
21,2022-07-31,117419,5810,340,707.33,43303.27
21,2022-08-01,117699,5516,527,710.56,53027.6
21,2022-08-02,88993,1287,69,838.37,5993.99
21,2022-08-03,72876,2981,279,713.23,23806.73
21,2022-08-04,53760,547,13,967.55,1061.74
22,2021-12-04,86588,1004,47,610.85,6798.79
22,2021-12-05,51454,645,58,769.82,8330.11
22,2021-12-06,95765,4777,381,611.16,47363.19
22,2021-12-07,103289,4252,382,582.51,43698.69
22,2021-12-08,99628,1593,79,602.19,7022.08
22,2021-12-09,41553,1562,126,680.09,10469.72
22,2021-12-10,55475,2373,190,632.72,10552.89
22,2021-12-11,89991,3738,106,686.59,5758.96
22,2021-12-12,73873,1726,53,600.79,6002.06
22,2021-12-13,128410,1749,131,642.99,11544.55
22,2021-12-14,28140,856,41,519.18,4650.41
22,2021-12-15,43126,1733,44,677.67,5128.18
22,2021-12-16,90649,1812,125,558.17,11902.37
22,2021-12-17,96752,3754,151,545.26,12683.48
22,2021-12-18,91009,1206,111,631.53,13877.9
22,2021-12-19,73616,940,83,561.25,8037.85
22,2021-12-20,73371,1758,148,548.44,9400.61
22,2021-12-21,75047,2170,104,698.99,15077.27
22,2021-12-22,29566,1368,28,543.28,2196.4
22,2021-12-23,37190,966,87,742.24,7839.99
22,2021-12-24,78345,3190,140,543.76,13090.54
22,2021-12-25,37643,1877,153,566.19,18592.04
22,2021-12-26,77671,2819,56,582.31,2857.28
22,2021-12-27,42912,1521,128,604.86,18095.62
22,2021-12-28,62974,3006,250,583.83,14598.19
22,2021-12-29,101219,2072,203,698.79,15707.52
22,2021-12-30,109831,2477,201,665.1,28276.89
22,2021-12-31,46858,1710,94,749.87,9135.15
22,2022-01-01,55002,1304,41,529.79,5296.52
22,2022-01-02,116303,4599,180,755.1,11828.0
22,2022-01-03,55807,1405,60,626.04,3172.51
22,2022-01-04,86332,3344,81,558.73,4247.27
22,2022-01-05,66129,1084,32,580.06,2920.39
22,2022-01-06,96163,1960,100,606.91,5510.6
22,2022-01-07,43865,1756,133,581.84,10288.87
22,2022-01-08,92812,3007,291,529.41,27927.69
22,2022-01-09,44888,1785,45,640.29,4788.87
22,2022-01-10,99404,2176,68,741.11,6861.69
22,2022-01-11,85519,1434,124,691.7,6952.62
22,2022-01-12,59598,852,80,739.35,5059.6
22,2022-01-13,36595,479,27,601.96,3774.73
22,2022-01-14,62661,2249,47,621.34,3459.68
22,2022-01-15,84867,3866,148,733.31,12148.21
22,2022-01-16,100297,4451,433,606.69,38496.48
22,2022-01-17,130543,4950,336,734.76,28937.21
23,2022-06-05,113209,4689,339,643.73,24787.51
23,2022-06-06,60865,2022,90,811.66,13006.33
23,2022-06-07,65757,2485,150,570.15,20742.28
23,2022-06-08,88536,3775,322,556.6,42923.7
23,2022-06-09,70584,843,76,643.79,7675.0
23,2022-06-10,62278,1062,80,623.31,10341.18
23,2022-06-11,84317,1976,155,779.84,13627.9
23,2022-06-12,63726,2578,184,642.85,15301.2
23,2022-06-13,119586,4723,257,646.82,26330.91
23,2022-06-14,30337,1156,97,602.56,12769.42
23,2022-06-15,126250,1946,160,697.69,17475.81
23,2022-06-16,83468,4040,128,667.6,11588.97
23,2022-06-17,84861,2824,193,775.57,27695.34
23,2022-06-18,103420,4368,140,569.26,14782.09
23,2022-06-19,47424,798,66,813.63,4081.96
23,2022-06-20,136180,2975,235,683.03,25341.75
23,2022-06-21,126973,2768,255,751.55,17041.12
23,2022-06-22,69747,1603,130,736.13,6824.16
23,2022-06-23,64344,2950,106,779.13,6225.45
23,2022-06-24,55780,2356,87,728.97,12410.91
24,2022-10-29,95091,2836,87,906.92,6080.27
24,2022-10-30,86381,2205,213,803.31,13233.27
24,2022-10-31,48020,1032,28,854.09,2835.79
24,2022-11-01,73248,1370,85,906.96,5856.23
24,2022-11-02,121272,2465,210,987.97,23531.85
24,2022-11-03,119582,3803,238,1024.97,25187.84
24,2022-11-04,76422,1472,52,999.04,7278.25
24,2022-11-05,122963,6133,571,772.57,36562.46
24,2022-11-06,125895,5608,172,953.65,14586.08
24,2022-11-07,70811,2496,132,1036.81,13501.32
24,2022-11-08,84916,4235,330,724.02,31291.42
24,2022-11-09,63219,2447,241,796.74,16822.09
24,2022-11-10,124892,2788,152,1031.52,21411.76
24,2022-11-11,99618,2224,168,975.68,16833.77
24,2022-11-12,105070,2448,86,716.09,12720.52
24,2022-11-13,57898,1207,43,964.51,2800.24
24,2022-11-14,92945,991,27,738.41,3421.32
24,2022-11-15,99623,3270,169,771.34,14400.25
24,2022-11-16,89565,3222,87,833.44,10674.81
24,2022-11-17,170778,5521,407,854.29,34771.21
24,2022-11-18,148736,3721,359,981.84,49857.29
24,2022-11-19,193442,8094,626,1004.94,56344.75
24,2022-11-20,158914,7871,349,961.09,25277.73
24,2022-11-21,170191,4645,399,937.0,45388.63
24,2022-11-22,118222,3848,295,909.69,42805.75
24,2022-11-23,85352,3281,75,802.12,10305.44
24,2022-11-24,152473,3753,332,799.56,19783.03
24,2022-11-25,155522,2274,169,796.66,16853.03
24,2022-11-26,93265,3750,129,996.5,16916.06
24,2022-11-27,81504,2135,183,940.88,10608.52
24,2022-11-28,49629,982,44,972.52,3796.91
24,2022-11-29,143997,3224,116,859.98,13534.19
24,2022-11-30,117536,4529,345,874.11,23955.82
24,2022-12-01,151758,5658,317,1015.15,32185.1
24,2022-12-02,58269,1167,70,917.06,8873.42
24,2022-12-03,51815,2088,51,878.47,6009.49
24,2022-12-04,118988,5599,262,754.91,17543.34
24,2022-12-05,117976,2785,225,996.38,33486.25
24,2022-12-06,111314,2828,59,771.92,7280.21
24,2022-12-07,117687,1689,109,739.16,9153.07
24,2022-12-08,177342,4918,144,962.08,11848.54
24,2022-12-09,100281,3340,298,734.16,36522.32
24,2022-12-10,80345,1812,75,699.81,6985.84
24,2022-12-11,82442,3208,100,808.26,12851.13
24,2022-12-12,42306,1999,78,786.63,7436.15
24,2022-12-13,89153,2779,154,948.29,15668.21
24,2022-12-14,154280,3270,205,800.93,21639.03
24,2022-12-15,40894,772,36,767.55,2845.73
24,2022-12-16,36280,601,45,700.73,2892.43
24,2022-12-17,134648,3961,147,792.09,9454.8
24,2022-12-18,99326,3647,227,825.43,27792.07
24,2022-12-19,78946,3435,106,818.97,13645.83
24,2022-12-20,160768,3740,337,860.25,47314.96
24,2022-12-21,86326,960,55,751.34,7547.58
24,2022-12-22,161097,1626,122,808.21,15540.08
24,2022-12-23,73112,1015,92,738.87,9197.84
24,2022-12-24,71614,2227,202,750.86,26183.09
24,2022-12-25,64771,2623,137,764.88,10687.63
25,2021-06-12,67994,1218,71,1011.24,10429.37
25,2021-06-13,134384,5842,483,1345.2,40770.78
25,2021-06-14,138698,3903,345,1104.65,48873.93
25,2021-06-15,134950,5060,346,1122.78,25296.1
25,2021-06-16,211278,3324,254,1255.75,34166.05
25,2021-06-17,185363,8212,796,1250.23,117256.75
25,2021-06-18,140798,6519,371,1142.46,32500.54
25,2021-06-19,141842,5088,372,1368.03,41286.89
25,2021-06-20,74182,3010,105,993.38,10540.62
25,2021-06-21,110274,3328,302,1121.22,33457.06
25,2021-06-22,184034,7624,689,1245.73,49882.27
25,2021-06-23,272389,6787,382,1413.52,39732.37
25,2021-06-24,125657,3455,137,1101.89,14376.03
25,2021-06-25,92900,1682,74,1300.23,6080.6
25,2021-06-26,202933,5732,281,1297.57,26039.15
25,2021-06-27,180388,8637,690,1114.95,56669.46
25,2021-06-28,162935,2698,164,1152.59,16989.71
25,2021-06-29,78360,2784,237,1110.85,34663.05
25,2021-06-30,182010,8744,291,1199.89,39372.32
25,2021-07-01,75742,2322,63,1421.85,4231.63
25,2021-07-02,192384,6895,543,1065.83,29091.52
25,2021-07-03,259808,12676,1229,1416.33,160282.3
25,2021-07-04,133374,3392,231,1339.85,24340.79
25,2021-07-05,145666,4469,237,1109.89,31928.34
25,2021-07-06,135747,4370,410,1083.65,30613.45
25,2021-07-07,210907,9828,852,1311.13,113473.73
25,2021-07-08,114710,1957,68,1092.94,8311.49
25,2021-07-09,180039,7902,602,1253.98,37524.14
25,2021-07-10,220798,4165,209,1298.58,13605.68
25,2021-07-11,245406,6012,244,1359.98,32839.9
25,2021-07-12,155583,1838,55,1144.99,2822.95
25,2021-07-13,61007,1497,107,1167.19,9855.18
25,2021-07-14,234803,10866,429,1262.52,26830.19
25,2021-07-15,219152,7413,476,1301.98,33931.05
25,2021-07-16,129638,5745,175,1407.54,22011.83
25,2021-07-17,149006,6139,291,972.8,34750.91
26,2021-09-19,49506,1662,159,726.25,21915.13
26,2021-09-20,84783,4087,314,924.34,19246.53
26,2021-09-21,150972,5642,142,784.9,20420.03
26,2021-09-22,138561,5042,110,850.33,6212.43
26,2021-09-23,104603,2084,164,980.99,20509.91
26,2021-09-24,159469,7364,612,903.4,64408.66
26,2021-09-25,45551,1388,73,858.83,7929.39
26,2021-09-26,200465,7096,700,1026.08,37427.45
26,2021-09-27,126098,5735,246,917.55,34167.74
26,2021-09-28,171066,3690,105,989.2,7317.53
26,2021-09-29,94232,2537,52,895.33,6137.07
26,2021-09-30,74899,3406,156,1035.51,11568.81
26,2021-10-01,156829,3759,302,857.79,44919.54
26,2021-10-02,72033,1829,90,1022.02,12922.35
26,2021-10-03,97507,1092,44,771.44,5093.83
27,2021-09-11,499630,16579,895,2587.48,59639.63
27,2021-09-12,287958,12801,996,2668.39,122055.73
27,2021-09-13,362243,17468,1487,2181.31,92752.3
27,2021-09-14,394862,15734,1328,2007.63,134736.73
27,2021-09-15,226666,10066,759,2949.77,73677.1
27,2021-09-16,414150,16252,927,2152.71,126637.35
27,2021-09-17,175388,6318,172,2382.4,17531.28
27,2021-09-18,491044,22944,464,2584.27,37679.41
27,2021-09-19,197972,9705,478,2517.89,28848.5
27,2021-09-20,461686,5722,506,2582.31,34535.01
27,2021-09-21,309526,14310,442,2141.98,38838.92
27,2021-09-22,384895,15593,941,2022.64,85017.35
27,2021-09-23,191257,8667,411,2245.32,49046.07
27,2021-09-24,359322,13455,431,2703.72,24220.94
27,2021-09-25,300456,13190,538,2224.24,40762.45
27,2021-09-26,363526,9327,494,2054.73,30011.46
28,2022-01-02,50458,1597,32,681.54,4249.92
28,2022-01-03,181247,3548,209,964.29,14918.09
28,2022-01-04,78527,1889,90,784.56,5266.3
28,2022-01-05,118499,1740,51,687.98,3652.92
28,2022-01-06,150399,4062,128,780.06,14430.12
28,2022-01-07,176397,7345,294,945.2,41915.0
28,2022-01-08,145312,1509,135,968.88,15561.82
28,2022-01-09,160174,1973,142,862.57,20117.28
28,2022-01-10,108302,3209,80,756.13,6235.18
28,2022-01-11,73020,3315,253,792.14,19580.61
28,2022-01-12,130716,6350,591,788.31,66434.03
28,2022-01-13,104545,2951,168,852.0,8419.97
28,2022-01-14,54221,2587,230,705.51,21273.99
28,2022-01-15,171629,8317,735,926.41,78679.96
28,2022-01-16,112219,2719,168,986.96,11919.98
28,2022-01-17,69958,1719,128,977.71,18099.37
28,2022-01-18,175870,5507,215,882.2,25896.91
28,2022-01-19,96489,2108,129,694.77,14951.14
28,2022-01-20,61940,1714,134,703.42,19721.26
28,2022-01-21,134479,4891,399,768.13,34864.61
28,2022-01-22,173882,5310,496,880.13,57137.75
28,2022-01-23,127229,4825,235,921.58,20177.02
28,2022-01-24,180851,4308,93,933.01,8476.26
28,2022-01-25,55424,2310,152,847.4,11843.54
28,2022-01-26,96806,2818,135,979.51,8101.99
28,2022-01-27,87869,3489,128,925.09,9785.07
28,2022-01-28,70905,2268,46,858.24,4943.99
28,2022-01-29,50387,1056,74,873.44,7243.17
28,2022-01-30,93952,3078,288,989.73,18346.59
28,2022-01-31,148516,5909,429,767.55,47201.71
28,2022-02-01,88224,3733,132,1005.7,17821.39
28,2022-02-02,90888,3231,317,806.47,35884.78
28,2022-02-03,159738,5325,304,828.01,41591.19
29,2022-09-09,91874,2522,86,608.8,7698.41
29,2022-09-10,117226,2679,132,600.73,12639.12
29,2022-09-11,61716,2423,154,799.86,21266.82
29,2022-09-12,75176,1738,40,639.07,3460.57
29,2022-09-13,89268,1241,71,737.46,4243.27
29,2022-09-14,70595,2299,199,779.71,21211.4
29,2022-09-15,55933,573,17,876.64,1749.53
29,2022-09-16,109365,5450,260,850.09,37569.06
29,2022-09-17,121048,5963,264,674.52,36606.71
29,2022-09-18,75745,890,82,842.51,4282.39
29,2022-09-19,135742,3978,120,840.08,16606.73
29,2022-09-20,125859,5733,542,846.25,37734.94
29,2022-09-21,51089,1335,95,781.51,13422.72
29,2022-09-22,93587,4297,349,633.98,44875.93
29,2022-09-23,133305,5986,194,762.35,22145.22
29,2022-09-24,84553,2475,62,866.42,6040.0
29,2022-09-25,90353,1060,25,887.16,1305.82
29,2022-09-26,92944,3455,83,838.96,5833.27
29,2022-09-27,118714,2415,82,886.76,6262.23
29,2022-09-28,79242,2386,133,881.28,18043.86
29,2022-09-29,130312,3930,230,796.07,15314.72
29,2022-09-30,130453,4735,268,725.19,15727.83
29,2022-10-01,96750,4340,184,883.31,10288.31
29,2022-10-02,34928,727,22,677.55,3059.35
29,2022-10-03,94359,3339,123,882.85,11865.03
29,2022-10-04,126049,1696,39,634.99,1952.75
29,2022-10-05,99198,1770,60,855.05,7844.29
29,2022-10-06,143405,3827,142,862.96,19072.78
29,2022-10-07,133435,6213,183,762.01,20375.11
29,2022-10-08,42670,515,28,722.47,2330.95
29,2022-10-09,54432,1855,127,854.78,12904.29
29,2022-10-10,125818,4963,176,722.42,23754.61
29,2022-10-11,108150,2764,113,648.62,14236.66
29,2022-10-12,73808,2848,198,609.32,11745.04
29,2022-10-13,154474,3939,207,894.9,24008.37
29,2022-10-14,43495,1157,71,606.37,9401.71
29,2022-10-15,103708,2359,209,754.06,14182.29
29,2022-10-16,106268,1577,48,876.46,5154.22
29,2022-10-17,60261,1966,155,611.43,21704.02
29,2022-10-18,102068,3031,101,786.2,7641.12
29,2022-10-19,51064,1258,29,888.12,3531.37
29,2022-10-20,38637,1756,37,753.01,2738.28
29,2022-10-21,92758,3606,276,880.22,19632.57
29,2022-10-22,77699,3851,329,612.51,43665.95
29,2022-10-23,158822,7035,642,797.18,77008.28
29,2022-10-24,63027,2335,154,718.06,10130.69
29,2022-10-25,94660,1981,90,613.54,11351.78
29,2022-10-26,36205,1748,173,691.88,18491.98
30,2021-07-02,71356,2648,197,527.96,22899.4
30,2021-07-03,57305,2021,166,658.19,22909.67
30,2021-07-04,101353,3324,179,511.11,17035.44
30,2021-07-05,63999,3162,126,637.02,8020.09
30,2021-07-06,49958,845,71,624.74,5482.11
30,2021-07-07,51598,983,85,537.05,6547.63
30,2021-07-08,59286,1158,28,675.0,2197.71
30,2021-07-09,47937,919,49,661.15,3791.77
30,2021-07-10,126176,5915,197,678.95,25291.78
30,2021-07-11,34440,683,19,499.35,2245.81
30,2021-07-12,79444,1124,104,606.92,13634.44
30,2021-07-13,51210,1807,39,591.23,3097.34
30,2021-07-14,55183,2469,60,490.81,8511.82
30,2021-07-15,68846,3388,236,506.72,28296.13
30,2021-07-16,86515,2317,231,531.9,25557.57
30,2021-07-17,78070,2396,172,486.65,23724.0
30,2021-07-18,129513,6056,404,684.19,52544.33
30,2021-07-19,83208,2432,147,630.92,15517.74
30,2021-07-20,70860,3188,122,595.45,11475.0
30,2021-07-21,52546,1836,55,705.19,7168.09
30,2021-07-22,50810,1718,51,712.41,4931.17
30,2021-07-23,43346,715,17,620.01,1514.0
31,2021-03-11,125833,5017,292,845.98,22233.09
31,2021-03-12,169902,3412,261,893.16,20844.22
31,2021-03-13,32800,846,46,647.09,2879.08
31,2021-03-14,54985,1838,135,778.49,17890.24
31,2021-03-15,159964,1926,89,918.3,4945.82
31,2021-03-16,40347,1120,25,654.72,3191.08
31,2021-03-17,143233,6147,520,873.44,59681.28
31,2021-03-18,84053,2920,250,902.54,36689.43
31,2021-03-19,131815,1906,66,878.07,9348.4
31,2021-03-20,83040,2211,58,923.76,7081.63
31,2021-03-21,138240,6472,331,866.44,42354.93
31,2021-03-22,83932,4151,146,701.72,15198.63
31,2021-03-23,175847,7297,340,895.73,33063.36
31,2021-03-24,126826,4531,120,895.18,14750.33
31,2021-03-25,72546,2020,96,810.27,12087.74
31,2021-03-26,109147,1527,114,673.31,5789.84
31,2021-03-27,95497,4376,207,650.92,28203.61
31,2021-03-28,157399,6430,342,818.96,37681.39
31,2021-03-29,150486,5221,254,889.82,25911.84
31,2021-03-30,59007,2553,241,923.37,29874.7
31,2021-03-31,104021,1182,105,786.8,8387.64
31,2021-04-01,89471,3134,303,665.99,37413.27
31,2021-04-02,103242,4491,371,634.44,54355.5
31,2021-04-03,131787,6176,602,854.71,88955.82
31,2021-04-04,112890,1904,117,678.38,12299.21
31,2021-04-05,72968,2714,168,649.17,24228.33
31,2021-04-06,100147,3612,334,806.36,33008.05
31,2021-04-07,157136,6903,614,834.53,79188.34
31,2021-04-08,68309,3188,116,859.61,6246.19
31,2021-04-09,68606,800,36,663.28,5176.96
31,2021-04-10,140563,4733,207,783.08,17493.6
31,2021-04-11,125544,6252,548,772.66,68739.47
32,2021-06-03,227766,10433,547,1319.45,67609.67
32,2021-06-04,192580,2400,231,1229.45,20656.39
32,2021-06-05,270761,10201,1005,1531.76,83234.06
32,2021-06-06,180151,5910,296,1551.91,16685.86
32,2021-06-07,112048,5110,105,1177.61,12084.21
32,2021-06-08,185449,7540,255,1088.39,25802.58
32,2021-06-09,149921,5839,448,1167.54,44690.74
32,2021-06-10,196175,6205,265,1131.41,34708.16
32,2021-06-11,169720,4922,238,1519.8,15904.34
32,2021-06-12,135716,5726,440,1149.67,47608.61
32,2021-06-13,148258,5233,139,1240.72,8969.48
32,2021-06-14,107786,3730,318,1129.71,25387.68
32,2021-06-15,111008,2514,216,1501.85,23461.61
32,2021-06-16,230403,5611,532,1392.96,53975.55
32,2021-06-17,266669,10927,646,1450.74,71214.04
32,2021-06-18,223733,3463,183,1236.8,15183.11
32,2021-06-19,196661,7960,417,1419.68,43471.62
32,2021-06-20,204907,3362,160,1238.8,17575.13
32,2021-06-21,170017,3890,301,1355.34,41288.36
32,2021-06-22,244238,5045,161,1524.66,23425.19
32,2021-06-23,108446,4876,474,1357.18,70637.37
32,2021-06-24,156979,5864,578,1466.18,65684.09
32,2021-06-25,171320,5750,426,1414.08,31627.58
32,2021-06-26,200226,9274,774,1291.11,107413.25
32,2021-06-27,117875,2890,206,1578.2,19124.77
32,2021-06-28,164710,2621,53,1412.45,7487.26
33,2022-03-21,168580,2984,258,1255.47,35215.9
33,2022-03-22,271863,9279,692,1368.03,36954.78
33,2022-03-23,230996,8740,601,1229.52,36399.55
33,2022-03-24,205912,7533,400,1349.86,45504.64
33,2022-03-25,293156,14227,547,1533.42,46752.21
33,2022-03-26,87253,1699,60,1265.18,7484.36
33,2022-03-27,144758,4928,143,1430.96,9017.01
33,2022-03-28,258472,8933,247,1501.48,25000.51
33,2022-03-29,183563,4076,371,1224.29,23013.79
33,2022-03-30,110801,1588,153,1439.84,21521.89
33,2022-03-31,235514,2861,203,1398.67,23941.3
33,2022-04-01,143824,4641,341,1434.58,37673.53
33,2022-04-02,116925,1410,48,1515.41,3111.1
33,2022-04-03,209697,7360,547,1298.61,28695.01
33,2022-04-04,101255,3931,240,1185.3,20262.27
33,2022-04-05,116790,5016,471,1050.74,27707.41
33,2022-04-06,237692,11125,487,1335.12,66427.68
33,2022-04-07,185565,4573,404,1186.58,38653.48
33,2022-04-08,210158,8867,832,1058.48,105760.0
33,2022-04-09,145885,5922,573,1154.36,47379.63
33,2022-04-10,74172,2065,141,1112.24,14836.29
33,2022-04-11,165801,3799,235,1485.36,21509.14
33,2022-04-12,227761,3198,280,1289.0,40721.47
33,2022-04-13,149791,5161,490,1097.98,31733.29
33,2022-04-14,84253,2410,239,1050.65,29190.99
33,2022-04-15,217559,3936,358,1101.18,47820.9
33,2022-04-16,235663,6843,502,1533.86,38142.84
33,2022-04-17,130676,1575,127,1318.42,8849.27
33,2022-04-18,121883,1584,126,1158.99,14518.26
34,2022-02-14,66461,1694,34,860.35,2331.06
34,2022-02-15,60194,1297,84,764.08,8361.07
34,2022-02-16,97239,2072,81,862.98,6429.91
34,2022-02-17,141499,4611,321,917.96,19271.68
34,2022-02-18,86743,4258,243,721.64,28518.03
34,2022-02-19,116690,3879,379,726.8,19461.1
34,2022-02-20,61264,920,90,733.92,5943.81
34,2022-02-21,160007,2351,175,940.31,20232.66
34,2022-02-22,135582,1625,67,935.33,6188.37
34,2022-02-23,63988,1016,90,727.94,11131.44
34,2022-02-24,153483,1685,93,969.19,12692.77
34,2022-02-25,156137,6765,583,784.01,58915.01
34,2022-02-26,67100,3344,236,894.56,32460.33
34,2022-02-27,85279,4088,283,911.05,14184.95
34,2022-02-28,126480,4307,214,805.1,18345.13
34,2022-03-01,114374,4254,199,734.96,17024.3
34,2022-03-02,100517,3067,95,754.3,7269.74
34,2022-03-03,76466,2223,82,853.28,7225.63
34,2022-03-04,112935,1883,111,720.7,10700.08
34,2022-03-05,69652,2807,172,716.97,25205.33
34,2022-03-06,139035,2391,138,801.83,7704.61
34,2022-03-07,104086,3532,109,672.38,7146.67
34,2022-03-08,160219,4391,282,844.85,15157.56
34,2022-03-09,80752,2621,65,747.87,3949.49
34,2022-03-10,80801,3488,228,841.82,25638.16
34,2022-03-11,99394,4004,206,796.06,27131.67
34,2022-03-12,64768,2924,198,862.07,11653.29
34,2022-03-13,134458,1438,83,706.06,9391.4
34,2022-03-14,140781,5230,365,944.26,25284.79
34,2022-03-15,115650,5143,337,839.55,44416.38
34,2022-03-16,127955,4343,121,737.06,13462.51
34,2022-03-17,72712,2821,86,886.46,12596.87
34,2022-03-18,56157,1881,67,682.99,4519.9
34,2022-03-19,126776,3940,329,760.87,40043.41
34,2022-03-20,45318,987,27,649.74,1451.16
34,2022-03-21,101642,3513,307,829.67,34553.59
34,2022-03-22,103834,1811,159,945.44,17799.08
34,2022-03-23,101466,2105,111,685.91,8628.05
34,2022-03-24,76973,903,41,942.43,3459.47
34,2022-03-25,189331,7517,602,952.23,48502.63
34,2022-03-26,73228,2335,115,958.57,13604.85
34,2022-03-27,53455,2201,201,702.13,22692.97
34,2022-03-28,134096,4738,369,830.77,44764.07
34,2022-03-29,93079,3894,297,700.35,33668.06
34,2022-03-30,103674,4602,449,825.98,37310.45
34,2022-03-31,35660,931,59,706.3,4644.28
34,2022-04-01,178198,6775,190,925.41,25931.21
34,2022-04-02,129777,3634,241,926.94,14727.89
34,2022-04-03,46084,1787,121,676.79,15452.11
34,2022-04-04,48895,559,23,853.95,2352.6
35,2021-05-30,107125,3711,284,634.34,32394.67
35,2021-05-31,89383,2859,206,566.06,11602.01
35,2021-06-01,66280,1482,142,450.9,14402.54
35,2021-06-02,69224,3032,176,611.49,19993.87
35,2021-06-03,37652,1129,48,536.17,4613.65
35,2021-06-04,36147,1407,96,623.01,10016.58
35,2021-06-05,53611,2481,120,553.06,9859.55
35,2021-06-06,54516,882,21,477.09,2799.6
35,2021-06-07,35150,1562,94,608.94,10889.03
35,2021-06-08,90165,3363,283,633.52,37420.18
35,2021-06-09,54650,1783,123,517.61,8772.61
35,2021-06-10,41094,710,57,570.76,4360.44
35,2021-06-11,96470,1768,35,532.48,5245.13
35,2021-06-12,59022,1285,71,494.54,5621.97
35,2021-06-13,86395,3587,266,494.3,38654.75
35,2021-06-14,56654,1335,120,523.05,7656.82
35,2021-06-15,59704,755,32,484.77,2683.49
35,2021-06-16,97386,1253,123,510.34,6648.68
35,2021-06-17,35799,700,61,483.17,5760.08
35,2021-06-18,34465,358,33,520.04,3160.35
35,2021-06-19,46305,570,34,502.28,4031.91
35,2021-06-20,56434,2011,44,624.31,6141.24
35,2021-06-21,43694,835,83,564.93,9042.0
35,2021-06-22,93724,2808,150,506.71,18284.78
35,2021-06-23,57176,1229,31,659.41,1597.92
35,2021-06-24,57241,1065,98,561.59,7622.08
35,2021-06-25,86658,4106,85,634.34,12662.49
35,2021-06-26,68522,1418,35,485.07,2242.36
35,2021-06-27,58078,2597,93,530.16,13184.94
35,2021-06-28,67064,2415,98,540.7,13688.58
35,2021-06-29,61146,1492,143,554.31,11743.82
35,2021-06-30,73973,3177,305,528.68,25205.35
35,2021-07-01,42207,526,39,642.7,3466.18
35,2021-07-02,37781,1025,82,485.08,10785.76
35,2021-07-03,80262,3115,103,602.37,13674.41
35,2021-07-04,30216,1210,42,530.76,5231.98
35,2021-07-05,107576,3234,199,604.9,20497.27
35,2021-07-06,105802,5256,374,548.9,52214.63
35,2021-07-07,76157,2938,287,629.52,22564.17
35,2021-07-08,78732,1525,145,511.12,12666.68
35,2021-07-09,65109,842,27,469.91,2400.41
35,2021-07-10,91976,4177,205,516.94,21676.53
36,2022-08-10,164738,5014,401,2123.11,53566.45
36,2022-08-11,153179,1610,58,2264.72,4746.02
36,2022-08-12,357249,9567,230,2291.77,31981.34
36,2022-08-13,241872,11931,839,1747.99,108621.85
36,2022-08-14,324496,13782,1217,1737.79,100559.88
36,2022-08-15,249168,9850,607,1912.19,77618.06
36,2022-08-16,299549,3249,322,2145.12,33745.11
36,2022-08-17,398576,12971,1108,2094.28,115347.68
36,2022-08-18,165273,2908,244,2069.09,24377.21
36,2022-08-19,299272,9669,331,2438.34,36421.35
36,2022-08-20,89249,1308,38,1729.9,2357.98
36,2022-08-21,171964,4982,246,2158.01,31835.71
36,2022-08-22,357764,17351,1634,1943.15,127180.99
36,2022-08-23,107530,4479,419,2049.89,28113.32
36,2022-08-24,461377,20233,659,2319.9,46748.67
36,2022-08-25,173292,8156,239,2109.26,16812.84
36,2022-08-26,248860,5429,532,1823.0,52347.95
36,2022-08-27,336122,8870,505,1804.71,73518.27
36,2022-08-28,326748,15298,1109,2056.64,73145.93
36,2022-08-29,276249,13743,802,1859.52,78092.38
36,2022-08-30,187968,6476,470,1976.82,32978.93
36,2022-08-31,183302,5945,153,2347.79,15106.46
37,2021-05-09,77756,2188,84,647.29,5605.43
37,2021-05-10,71413,1529,31,735.74,3535.12
37,2021-05-11,88777,3214,163,798.79,18971.34
37,2021-05-12,45854,1312,64,674.25,6826.41
37,2021-05-13,78192,1269,78,646.52,6106.63
37,2021-05-14,95378,4472,191,845.94,18270.52
37,2021-05-15,131820,6368,403,736.64,30772.89
37,2021-05-16,70339,2281,96,688.34,6576.01
37,2021-05-17,81509,3537,138,742.14,17051.59
37,2021-05-18,46054,892,48,852.1,3508.72
37,2021-05-19,108378,3448,230,766.25,32085.22
37,2021-05-20,55138,2291,89,733.71,11442.26
37,2021-05-21,75056,775,77,726.2,10942.49
37,2021-05-22,119725,4722,430,614.91,30638.47
37,2021-05-23,97568,4551,193,715.91,21076.07
37,2021-05-24,105198,4598,203,889.34,18845.1
37,2021-05-25,86737,2527,222,790.71,13395.46
37,2021-05-26,90374,1900,178,715.82,21259.52
37,2021-05-27,140790,1664,117,789.17,16500.44
37,2021-05-28,109394,2438,177,834.66,16906.52
37,2021-05-29,67875,2724,191,724.14,18865.08
37,2021-05-30,55281,1502,136,672.76,11167.74
37,2021-05-31,66540,1154,97,740.08,6642.1
37,2021-06-01,116766,2810,259,802.53,23067.94
37,2021-06-02,94939,3774,156,823.47,10060.64
37,2021-06-03,89166,1047,25,908.16,1353.33
37,2021-06-04,59144,1916,67,830.27,4997.69
37,2021-06-05,104404,5188,298,692.84,18371.71
37,2021-06-06,152247,4326,205,814.83,28103.16
37,2021-06-07,91457,3657,233,637.53,32596.96
37,2021-06-08,67927,1158,108,850.52,8019.12
37,2021-06-09,45417,947,51,855.43,7503.52
37,2021-06-10,159383,6109,545,890.28,43656.75
37,2021-06-11,79714,1858,181,658.65,12691.09
37,2021-06-12,116609,5238,522,731.22,70261.54
37,2021-06-13,139248,1545,60,893.24,8159.27
37,2021-06-14,105374,2213,52,905.08,6659.63
37,2021-06-15,87784,1936,133,719.86,18482.46
37,2021-06-16,83235,2975,88,890.47,12674.16
37,2021-06-17,91939,2960,117,859.45,9971.15
37,2021-06-18,53600,2022,117,683.63,14256.96
37,2021-06-19,173436,5205,322,905.88,43561.31
37,2021-06-20,143098,1738,135,800.69,18316.23
37,2021-06-21,99084,2842,84,675.04,11265.0
37,2021-06-22,34703,860,68,647.32,4737.47
37,2021-06-23,42644,1669,95,762.11,6224.01
37,2021-06-24,59506,1468,144,888.42,16213.57
37,2021-06-25,126343,3282,320,698.82,47419.05
37,2021-06-26,39706,884,64,780.58,6238.34
37,2021-06-27,101547,4289,364,683.48,33874.0
37,2021-06-28,110225,5216,464,898.5,27846.12
37,2021-06-29,69471,2767,145,758.71,19788.64
37,2021-06-30,58287,1718,110,756.28,15244.6
37,2021-07-01,51083,1582,109,651.54,12230.2
37,2021-07-02,76953,2779,251,907.49,23489.63
37,2021-07-03,132937,2803,233,786.19,21595.18
37,2021-07-04,93995,3406,291,731.82,22730.02
38,2021-07-03,60010,1479,52,458.99,3280.22
38,2021-07-04,27214,1092,90,399.54,9647.87
38,2021-07-05,29363,854,81,392.52,6035.04
38,2021-07-06,35087,1375,47,469.95,2937.27
38,2021-07-07,28472,1108,91,446.45,13552.51
38,2021-07-08,66147,3089,114,409.56,8382.72
38,2021-07-09,47931,2381,215,461.79,26534.57
38,2021-07-10,81689,1667,94,425.04,10547.33
38,2021-07-11,83829,3214,210,440.98,30558.91
38,2021-07-12,80656,1981,103,501.64,12002.48
38,2021-07-13,51611,1794,176,580.14,20576.28
38,2021-07-14,64747,697,40,554.72,2694.28
38,2021-07-15,36457,425,22,562.76,2871.49
38,2021-07-16,64531,2953,127,506.28,7894.86
38,2021-07-17,91588,1306,37,542.43,4807.32
38,2021-07-18,74224,2342,119,442.68,16495.34
38,2021-07-19,86316,3455,160,514.78,19805.82
38,2021-07-20,59703,2744,210,424.83,30845.94
38,2021-07-21,68703,2427,93,427.37,6401.5
38,2021-07-22,51479,2423,183,463.67,14501.12
38,2021-07-23,91467,3605,220,500.64,22153.72
38,2021-07-24,95904,3478,232,516.88,11826.25
38,2021-07-25,71422,2517,154,567.39,11865.7
38,2021-07-26,109981,4340,432,579.58,54486.14
38,2021-07-27,40507,1327,72,510.42,7676.16
39,2021-05-13,214866,6846,261,1771.54,32605.33
39,2021-05-14,82070,3958,242,1498.57,16450.19
39,2021-05-15,152561,7176,524,1437.11,43896.89
39,2021-05-16,128206,2662,199,1489.7,28050.8
39,2021-05-17,146847,6837,385,1328.68,49195.05
39,2021-05-18,315513,14229,992,1781.14,65335.25
39,2021-05-19,250537,4733,272,1705.43,17498.66
39,2021-05-20,245696,7718,554,1542.89,63113.74
39,2021-05-21,77213,2048,110,1441.59,15214.24
39,2021-05-22,302778,7235,236,1572.49,15273.74
39,2021-05-23,300773,9113,617,1671.12,32451.8
39,2021-05-24,191597,2660,183,1292.89,12469.65
39,2021-05-25,336248,7307,606,1811.42,35751.68
39,2021-05-26,185272,6544,611,1783.82,64323.39
39,2021-05-27,123832,2156,107,1803.37,6703.5
39,2021-05-28,298800,12484,754,1494.01,67625.32
39,2021-05-29,203957,4524,341,1549.77,38478.17
39,2021-05-30,197173,6786,159,1372.97,20914.01
39,2021-05-31,156240,4393,119,1475.38,10720.19
39,2021-06-01,137085,5459,396,1404.25,54624.13
39,2021-06-02,93775,2249,186,1459.81,23179.56
39,2021-06-03,281937,11625,826,1684.55,108348.12
39,2021-06-04,170592,2023,146,1231.47,14175.27
39,2021-06-05,219253,6167,304,1628.82,26000.05
39,2021-06-06,233101,4780,318,1308.77,46830.97
39,2021-06-07,281412,2990,274,1679.29,30590.37
39,2021-06-08,77794,1148,57,1303.55,7723.38
39,2021-06-09,203613,8816,723,1759.29,83488.25
39,2021-06-10,107076,1655,77,1550.16,11396.75
39,2021-06-11,76985,1661,67,1294.68,5147.98
39,2021-06-12,298649,12088,272,1604.66,20314.86
40,2022-10-24,398971,9084,660,2120.39,80891.43
40,2022-10-25,262688,7906,641,2580.39,74923.94
40,2022-10-26,264557,11816,951,2153.64,68718.29
40,2022-10-27,225978,6903,335,2131.61,43982.41
40,2022-10-28,445843,6498,335,2526.49,27365.13
40,2022-10-29,187978,8731,723,1898.0,95703.99
40,2022-10-30,151123,4158,238,2071.6,24620.9
40,2022-10-31,224425,10730,837,2347.56,124309.87
40,2022-11-01,282279,5129,195,2073.24,19693.57
40,2022-11-02,283101,6458,168,2038.04,8586.0
40,2022-11-03,450626,14361,1188,2587.69,169994.79
40,2022-11-04,458128,22414,720,2618.74,51584.72
41,2021-07-14,124165,3549,92,1613.81,10344.79
41,2021-07-15,166344,4750,379,1634.42,19759.29
41,2021-07-16,290750,7548,509,1484.18,51709.82
41,2021-07-17,98459,1891,135,1520.62,7700.91
41,2021-07-18,134989,4272,213,1386.55,17611.21
41,2021-07-19,135972,5582,500,1397.43,69512.94
41,2021-07-20,234615,7319,278,1814.79,18143.86
41,2021-07-21,63858,2700,258,1268.44,37637.32
41,2021-07-22,323349,3696,354,1809.27,28007.04
41,2021-07-23,237736,11117,497,1455.54,72740.66
41,2021-07-24,150544,5523,419,1466.43,59063.34
41,2021-07-25,109382,2284,206,1574.2,29280.55
41,2021-07-26,117540,4419,105,1646.85,13138.02
41,2021-07-27,235622,7766,623,1265.22,37810.32
41,2021-07-28,88680,2997,115,1624.89,14002.45
41,2021-07-29,191401,2704,158,1443.59,8978.31
41,2021-07-30,340226,9098,729,1764.7,57090.49
41,2021-07-31,232091,9331,195,1459.78,15116.63
41,2021-08-01,124752,1432,125,1295.68,8840.35
41,2021-08-02,115594,4140,151,1665.37,11894.27
41,2021-08-03,275873,8983,291,1774.98,31650.42
41,2021-08-04,70697,2813,251,1352.5,15313.38
41,2021-08-05,176585,3791,296,1635.5,23624.55
41,2021-08-06,220910,4391,208,1536.58,30948.28
41,2021-08-07,234287,10118,668,1591.17,35351.48
41,2021-08-08,120895,2996,225,1353.55,30785.77
41,2021-08-09,208949,9249,261,1297.48,24946.42
41,2021-08-10,203669,9412,270,1607.48,23963.36
42,2021-04-12,153112,5599,150,1213.85,14195.71
42,2021-04-13,179445,3578,140,1230.46,18574.84
42,2021-04-14,72168,1500,61,1019.99,4035.19
42,2021-04-15,135466,4520,359,922.11,21950.1
42,2021-04-16,74105,3417,226,1202.27,23179.55
42,2021-04-17,113233,1873,90,1167.18,5391.88
42,2021-04-18,95829,995,27,1133.37,3499.57
42,2021-04-19,68929,1687,88,872.62,5747.38
42,2021-04-20,121398,5161,236,886.87,28232.3
42,2021-04-21,201113,6102,206,1162.74,23655.77
42,2021-04-22,77718,3730,129,980.36,12691.95
42,2021-04-23,112188,2150,152,967.82,20474.15
42,2021-04-24,53710,2507,72,950.03,7595.0
42,2021-04-25,79300,2454,182,1227.0,17222.58
42,2021-04-26,231635,3014,64,1233.98,7448.14
42,2021-04-27,93854,2990,120,1207.64,13652.46
42,2021-04-28,114184,2987,73,1039.55,6748.38
42,2021-04-29,181821,2194,192,1158.25,18334.63
42,2021-04-30,197721,4741,291,1093.96,31963.17
42,2021-05-01,175519,8013,411,1106.77,31168.5
42,2021-05-02,201412,8153,290,1148.22,19872.5
42,2021-05-03,139295,6452,270,1008.54,21411.36
42,2021-05-04,123696,2565,75,1046.47,7697.27
42,2021-05-05,146113,2068,74,1193.15,9848.71
42,2021-05-06,78729,1600,99,1015.04,11816.27
42,2021-05-07,157709,7453,656,967.11,85603.6
42,2021-05-08,166626,2861,217,1244.93,28690.81
43,2021-04-19,112244,2693,234,683.83,31374.63
43,2021-04-20,72851,3326,125,558.43,13391.17
43,2021-04-21,86796,1706,75,595.93,6725.53
43,2021-04-22,63087,2799,81,634.51,4739.64
43,2021-04-23,49313,1342,41,717.9,3168.49
43,2021-04-24,46310,1117,69,503.07,3666.24
43,2021-04-25,26840,826,22,498.83,3179.9
43,2021-04-26,28849,763,67,548.98,4091.09
43,2021-04-27,38025,553,14,597.66,1068.26
43,2021-04-28,108519,4568,293,733.73,18524.67
43,2021-04-29,57540,2672,94,682.68,9304.03
43,2021-04-30,112534,5592,282,591.22,24495.93
43,2021-05-01,80331,2859,243,492.78,34139.33
43,2021-05-02,54854,2157,195,558.66,10946.49
43,2021-05-03,48689,1080,45,602.76,5742.13
43,2021-05-04,72963,2832,153,668.48,21391.66
43,2021-05-05,137847,3021,192,736.58,18725.08
43,2021-05-06,63288,2373,231,678.2,12070.08
43,2021-05-07,119677,3759,114,685.3,8749.41
43,2021-05-08,41213,1232,26,652.36,2678.51
43,2021-05-09,92902,4156,305,502.48,28033.44
43,2021-05-10,58584,1160,72,707.34,3912.34
43,2021-05-11,60162,612,45,579.68,2415.08
43,2021-05-12,125607,2599,175,701.45,12928.83
43,2021-05-13,111205,5125,469,729.52,45132.88
43,2021-05-14,130579,3338,86,700.4,5256.9
43,2021-05-15,31534,833,71,512.02,8920.25
43,2021-05-16,64210,1840,173,615.05,9499.54
43,2021-05-17,78614,1522,144,594.33,20776.49
43,2021-05-18,57845,2371,115,625.29,6747.42
43,2021-05-19,82412,1695,113,521.21,12884.66
43,2021-05-20,87714,3538,212,683.9,16719.04
43,2021-05-21,79605,856,49,710.55,5817.0
43,2021-05-22,75502,1860,140,665.3,15361.18
43,2021-05-23,90758,1053,34,509.36,2245.9
43,2021-05-24,95887,4402,336,599.03,24420.0
43,2021-05-25,40438,1656,45,635.25,2254.97
43,2021-05-26,64896,2194,88,659.77,7444.82
43,2021-05-27,100295,4482,311,623.13,35582.47
43,2021-05-28,39330,1001,85,731.07,8526.0
43,2021-05-29,60018,2112,46,675.6,4182.64
43,2021-05-30,69714,2611,160,687.41,20682.66
43,2021-05-31,81328,3354,274,683.6,39764.71
43,2021-06-01,34326,1082,75,639.9,4412.87
43,2021-06-02,51002,772,72,514.24,9223.62
43,2021-06-03,76454,3319,229,664.47,27054.08
43,2021-06-04,46206,1476,74,545.51,10078.5
43,2021-06-05,63769,2443,88,510.5,8661.4
43,2021-06-06,90067,2821,100,648.95,6581.25
43,2021-06-07,30120,433,29,520.58,2861.22
44,2022-11-16,31871,389,27,478.74,1840.97
44,2022-11-17,82523,3539,144,497.75,16301.93
44,2022-11-18,38541,914,49,513.49,6532.67
44,2022-11-19,57382,2700,114,558.91,11386.0
44,2022-11-20,30333,1352,134,501.21,17967.54
44,2022-11-21,78147,3215,282,498.76,37566.82
44,2022-11-22,38084,1812,140,526.64,9235.09
44,2022-11-23,66181,3260,145,515.42,9431.98
44,2022-11-24,32424,413,40,510.96,4411.27
44,2022-11-25,34232,1397,123,488.46,17277.9
44,2022-11-26,79981,3982,371,446.95,20521.12
44,2022-11-27,63909,1807,113,475.35,13063.21
44,2022-11-28,55035,816,54,452.83,3268.29
44,2022-11-29,54508,1490,140,522.49,20325.4
44,2022-11-30,85997,2783,79,580.69,9764.72
44,2022-12-01,78330,3155,180,455.65,24490.84
44,2022-12-02,67619,1601,108,424.99,9249.56
44,2022-12-03,110267,2580,89,561.31,12745.59
44,2022-12-04,62461,1791,167,488.28,10079.11
44,2022-12-05,46839,2206,155,546.41,11479.62
44,2022-12-06,105231,3197,69,598.83,7232.91
44,2022-12-07,60654,1440,136,439.04,10679.55
44,2022-12-08,62714,967,24,563.53,3588.66
44,2022-12-09,99389,2492,141,567.97,15859.9
44,2022-12-10,28636,380,29,548.94,3145.72
44,2022-12-11,58532,1382,120,574.92,8687.92
44,2022-12-12,104682,3699,164,608.31,13078.06
44,2022-12-13,52288,889,77,564.6,9142.3
44,2022-12-14,89240,3111,104,487.8,10498.26
44,2022-12-15,22793,317,29,444.89,4113.37
44,2022-12-16,117838,5530,539,622.89,60980.69
44,2022-12-17,73067,3564,329,514.61,47588.62
44,2022-12-18,55501,1909,97,593.14,12576.97
44,2022-12-19,62279,1098,41,622.45,4429.8
44,2022-12-20,78672,1026,47,466.41,6988.7
44,2022-12-21,107400,3362,173,610.43,25370.72
44,2022-12-22,60989,2424,184,433.95,18975.16
44,2022-12-23,83491,4100,334,432.71,33142.84
44,2022-12-24,53270,2050,173,476.87,24917.65
44,2022-12-25,98771,4912,366,520.7,47518.29
44,2022-12-26,67287,1555,109,607.64,10865.74
44,2022-12-27,56844,597,23,491.27,2782.59
44,2022-12-28,84587,3625,212,521.48,30599.32
44,2022-12-29,32074,1183,71,541.84,9662.89
44,2022-12-30,97532,2266,157,511.2,17168.23
44,2022-12-31,100275,3895,268,557.46,24966.84
44,2023-01-01,24728,732,71,488.44,8458.97
44,2023-01-02,60503,1236,58,555.56,6591.76
44,2023-01-03,75398,1049,75,521.04,8951.13
44,2023-01-04,94328,2698,145,529.46,14117.36
44,2023-01-05,82354,1163,114,423.51,6198.83
44,2023-01-06,41451,1359,55,421.01,7982.32
44,2023-01-07,77899,3007,74,456.74,9078.78
45,2022-12-01,221761,9127,592,1695.76,53268.59
45,2022-12-02,248691,10966,305,1882.65,42930.07
45,2022-12-03,305293,11061,1051,1939.87,85337.4
45,2022-12-04,164819,5517,167,2031.57,16651.33
45,2022-12-05,419027,8568,572,2352.0,53624.63
45,2022-12-06,243195,2632,242,1783.61,23309.01
45,2022-12-07,139950,1683,136,2335.24,16989.76
45,2022-12-08,265429,3306,82,1666.44,8908.65
45,2022-12-09,93668,1554,111,1709.55,11444.14
45,2022-12-10,88188,1365,38,1634.11,3714.86
45,2022-12-11,287240,7459,660,1684.46,93459.6
45,2022-12-12,401030,18485,829,2160.41,88236.06
45,2022-12-13,216211,2479,188,2137.74,18879.39
45,2022-12-14,120294,4631,430,1836.05,30530.55
45,2022-12-15,253569,7010,278,1623.19,36911.91
45,2022-12-16,256855,9480,429,2003.09,36408.72
45,2022-12-17,100266,4210,246,1597.19,13419.2
45,2022-12-18,236886,11036,243,1713.75,13554.62
45,2022-12-19,387434,10806,689,1997.2,102429.1
45,2022-12-20,163464,2294,52,1806.34,6947.06
45,2022-12-21,151519,3494,173,2331.61,25639.36
45,2022-12-22,278339,7857,524,1761.13,76683.82
45,2022-12-23,358665,6980,652,1988.86,61799.68
45,2022-12-24,300598,13712,903,1944.74,85402.41
46,2021-06-26,93382,3121,116,655.11,8055.41
46,2021-06-27,50161,577,18,659.2,1806.01
46,2021-06-28,40738,450,44,603.56,2714.33
46,2021-06-29,74357,2873,140,616.15,12114.17
46,2021-06-30,68736,1445,49,774.36,7107.31
46,2021-07-01,46763,484,22,707.79,1227.25
46,2021-07-02,37226,1312,122,596.27,8830.28
46,2021-07-03,108331,4663,332,667.16,42257.82
46,2021-07-04,74951,2814,193,773.29,22929.65
46,2021-07-05,120703,4280,293,622.98,17200.31
46,2021-07-06,105443,3663,121,612.72,11552.78
46,2021-07-07,115618,3066,276,587.05,14056.02
46,2021-07-08,70795,1401,80,603.16,7563.95
46,2021-07-09,77408,2608,146,542.12,8848.95
46,2021-07-10,103035,1694,115,669.28,15148.25
46,2021-07-11,75784,3368,203,681.45,19101.19
46,2021-07-12,88573,1132,93,665.43,8796.41
46,2021-07-13,50298,1868,122,629.01,9653.84
46,2021-07-14,76931,1087,33,588.53,4628.26
46,2021-07-15,137985,2280,104,736.09,12307.2
46,2021-07-16,117696,1882,114,597.66,17029.87
46,2021-07-17,123842,2962,186,630.63,27332.21
46,2021-07-18,74593,2661,163,717.46,21354.17
46,2021-07-19,132345,5373,279,739.46,27959.65
46,2021-07-20,80322,2825,251,678.28,26979.64
46,2021-07-21,140914,6362,576,749.02,65223.21
46,2021-07-22,65229,3025,294,619.01,39758.87
46,2021-07-23,53944,826,72,659.82,6948.12
46,2021-07-24,110742,3585,142,721.51,8625.03
46,2021-07-25,88962,3426,302,761.46,16726.16
46,2021-07-26,113124,3215,111,722.31,14973.87
46,2021-07-27,54778,1495,115,782.55,6156.71
46,2021-07-28,83606,2134,103,562.98,8827.6
46,2021-07-29,153435,4533,116,788.18,9965.42
46,2021-07-30,66800,3077,272,629.39,20445.56
46,2021-07-31,52954,1134,91,583.58,7423.42
46,2021-08-01,149161,4225,131,762.41,16009.19
46,2021-08-02,110019,5119,131,558.89,17231.89
46,2021-08-03,81632,2390,84,552.17,7508.71
46,2021-08-04,64278,1804,107,749.64,11135.7
46,2021-08-05,46726,764,46,555.07,3702.74
46,2021-08-06,104263,2011,189,555.95,23632.73
46,2021-08-07,93441,1283,77,724.06,11139.56
46,2021-08-08,117537,4927,304,723.44,34307.07
46,2021-08-09,115420,2516,128,660.09,7343.82
46,2021-08-10,124566,4707,417,629.84,28776.9
46,2021-08-11,93936,2835,138,705.43,16462.91
46,2021-08-12,41458,1592,150,639.11,18590.7
46,2021-08-13,55196,1868,148,727.22,11539.36
46,2021-08-14,45554,1301,87,557.62,6080.59
46,2021-08-15,97951,3363,317,776.67,21353.9
46,2021-08-16,118269,2316,173,781.17,20505.54
46,2021-08-17,122561,4012,251,662.7,21977.24
46,2021-08-18,75017,1261,115,581.49,12454.16
46,2021-08-19,101246,2700,251,552.36,19796.82
47,2021-04-22,81592,2645,178,900.02,13890.24
47,2021-04-23,50939,2303,131,729.6,9093.06
47,2021-04-24,144183,6483,561,892.51,46455.6
47,2021-04-25,144073,4153,288,904.03,31454.61
47,2021-04-26,120981,5533,161,832.86,17488.59
47,2021-04-27,108935,3833,368,794.8,29896.12
47,2021-04-28,50138,1341,43,829.47,4837.27
47,2021-04-29,157324,6572,162,803.21,14087.52
47,2021-04-30,126941,2772,117,871.56,7861.25
47,2021-05-01,132851,3752,102,817.42,11368.79
47,2021-05-02,85812,1305,27,683.47,3564.8
47,2021-05-03,79919,3591,200,702.38,17013.64
47,2021-05-04,94347,2070,159,892.29,18586.76
47,2021-05-05,65102,2182,66,853.17,4188.46
47,2021-05-06,36928,661,37,659.93,3720.8
47,2021-05-07,83810,3231,253,751.64,28220.99
48,2022-07-08,22873,442,23,123.51,3233.09
48,2022-07-09,23731,820,22,142.02,3161.97
48,2022-07-10,11664,372,20,147.35,2581.63
48,2022-07-11,23611,981,64,121.19,3928.41
48,2022-07-12,14174,469,30,130.98,3586.77
48,2022-07-13,20669,212,14,132.41,1867.74
48,2022-07-14,24022,245,23,148.86,2993.34
48,2022-07-15,18136,287,16,139.97,961.44
48,2022-07-16,20740,508,31,129.52,4098.43
48,2022-07-17,10679,247,11,118.77,1084.29
48,2022-07-18,9115,150,13,143.72,851.92
48,2022-07-19,11717,204,11,141.42,984.72
48,2022-07-20,24574,780,65,143.98,9040.02
48,2022-07-21,20161,418,40,140.23,2321.43
48,2022-07-22,5890,212,7,100.31,418.33
48,2022-07-23,15110,727,31,123.8,2017.55
48,2022-07-24,13046,283,6,99.94,470.54
48,2022-07-25,10432,367,10,148.52,768.28
48,2022-07-26,17622,668,23,104.03,1327.58
48,2022-07-27,18962,480,32,140.16,4465.61
48,2022-07-28,17393,854,79,129.29,11779.67
48,2022-07-29,7479,135,12,137.69,1501.59
48,2022-07-30,16760,702,67,109.22,3588.57
48,2022-07-31,18546,789,44,114.35,2714.31
48,2022-08-01,18927,251,13,107.67,1064.0
48,2022-08-02,17910,392,18,112.29,1887.51
48,2022-08-03,8486,194,8,125.21,1172.11
48,2022-08-04,22364,985,63,137.99,5883.61
48,2022-08-05,12372,178,17,111.52,1539.83
48,2022-08-06,27399,1228,54,148.01,5172.15
48,2022-08-07,17568,729,62,117.27,3308.93
48,2022-08-08,16547,257,21,116.83,1848.07
48,2022-08-09,7641,106,4,131.53,577.38
48,2022-08-10,20229,310,12,142.2,1176.81
48,2022-08-11,11019,334,31,112.93,2115.11
48,2022-08-12,7980,123,8,113.95,1159.54
48,2022-08-13,9510,124,6,116.57,508.86
48,2022-08-14,7816,386,30,147.05,2853.08
48,2022-08-15,14585,476,46,133.21,6879.75
48,2022-08-16,28054,1272,41,144.22,5701.91
48,2022-08-17,7229,98,5,104.61,551.7
48,2022-08-18,8824,274,12,110.21,881.88
48,2022-08-19,22635,425,25,119.67,2788.11
48,2022-08-20,18662,315,9,118.64,501.34
48,2022-08-21,11158,429,35,110.23,2142.1
48,2022-08-22,20284,631,28,142.1,2380.65
48,2022-08-23,19144,748,51,134.41,6700.7
48,2022-08-24,9304,270,10,110.53,848.28
48,2022-08-25,11858,305,20,147.32,1547.99
48,2022-08-26,11960,393,21,112.63,2384.94
48,2022-08-27,23004,1136,94,140.0,11184.1
48,2022-08-28,17684,481,27,143.77,2667.44
48,2022-08-29,11141,439,40,120.01,2788.01
48,2022-08-30,12234,474,34,114.87,4994.96
48,2022-08-31,17139,482,31,145.79,2244.61
48,2022-09-01,16558,677,53,107.8,5156.37
48,2022-09-02,10698,287,25,102.73,1988.52
49,2021-05-30,326285,10460,1010,2017.4,128675.4
49,2021-05-31,375469,18306,722,1979.29,65786.01
49,2021-06-01,296320,11630,415,1602.61,31146.52
49,2021-06-02,360860,13408,375,2214.04,53438.6
49,2021-06-03,370152,8680,539,1869.99,45719.07
49,2021-06-04,220092,9153,679,1993.59,69482.47
49,2021-06-05,324153,12847,999,2041.03,129634.67
49,2021-06-06,254234,3041,107,1622.32,6551.53
49,2021-06-07,170376,4806,424,2080.76,32064.75
49,2021-06-08,165645,2550,245,1854.79,13351.27
49,2021-06-09,154102,2355,167,1633.06,12899.49
49,2021-06-10,134338,6223,242,1969.46,30259.44
49,2021-06-11,98555,1941,188,1878.15,24683.21
49,2021-06-12,197706,4344,402,2075.51,59598.65
49,2021-06-13,293818,4975,441,1796.45,58486.73
49,2021-06-14,258988,3504,201,2068.1,15439.85
49,2021-06-15,133897,1441,106,1665.24,9363.34
49,2021-06-16,130796,1616,109,1519.24,8064.18
49,2021-06-17,339592,12839,767,2212.92,71980.03
50,2021-10-19,85361,2591,217,767.92,18623.69
50,2021-10-20,139733,6761,302,858.08,44834.43
50,2021-10-21,101107,1707,93,714.39,10030.4
50,2021-10-22,51255,2350,188,931.43,20696.96
50,2021-10-23,98611,1644,93,905.46,12148.06
50,2021-10-24,146221,1733,101,746.73,7921.46
50,2021-10-25,55335,1054,35,883.07,3945.23
50,2021-10-26,57159,1749,69,762.86,7946.56
50,2021-10-27,109357,4990,290,846.64,25939.68
50,2021-10-28,148425,3549,309,902.16,44809.56
50,2021-10-29,88088,4388,419,768.82,51585.51
50,2021-10-30,147186,5486,113,871.19,14192.94
50,2021-10-31,151250,4801,384,808.53,38920.86
50,2021-11-01,69422,710,29,705.92,3322.95
50,2021-11-02,102677,3790,121,892.01,12411.04
50,2021-11-03,99131,3887,249,821.93,20116.62
50,2021-11-04,135849,3381,292,834.44,37255.89
50,2021-11-05,72475,1257,36,957.55,4818.5
50,2021-11-06,120706,4486,135,769.08,17035.67
50,2021-11-07,109081,3628,76,692.07,5643.25
50,2021-11-08,162434,5517,540,893.79,51296.05
50,2021-11-09,181448,3276,246,908.86,36611.35
50,2021-11-10,154639,6588,634,897.88,92494.07
50,2021-11-11,126304,1688,93,894.16,5368.88
50,2021-11-12,70314,1806,176,685.58,20791.59
50,2021-11-13,93223,1648,62,935.31,4811.47
50,2021-11-14,144625,6081,432,842.1,55186.27
50,2021-11-15,97120,3619,153,869.19,19480.57
50,2021-11-16,105149,1142,53,829.8,5995.94
50,2021-11-17,125184,4226,202,698.51,20859.26
